ISO-10303-21;
HEADER;
/* Generated by software containing ST-Developer
 * from STEP Tools, Inc. (www.steptools.com) 
 */

FILE_DESCRIPTION(
/* description */ (''),
/* implementation_level */ '2;1');

FILE_NAME(
/* name */ 'HWSW Team Final Enclosure.step',
/* time_stamp */ '2026-06-09T01:42:17-07:00',
/* author */ (''),
/* organization */ (''),
/* preprocessor_version */ 'ST-DEVELOPER v20.1',
/* originating_system */ 'Autodesk Translation Framework v15.8.0.0',
/* authorisation */ '');

FILE_SCHEMA (('AUTOMOTIVE_DESIGN { 1 0 10303 214 3 1 1 }'));
ENDSEC;

DATA;
#10=MECHANICAL_DESIGN_GEOMETRIC_PRESENTATION_REPRESENTATION('',(#13,#14,
#15),#5874);
#11=SHAPE_REPRESENTATION_RELATIONSHIP('SRR','None',#5881,#12);
#12=ADVANCED_BREP_SHAPE_REPRESENTATION('',(#16,#17,#18),#5873);
#13=STYLED_ITEM('',(#5890),#16);
#14=STYLED_ITEM('',(#5890),#17);
#15=STYLED_ITEM('',(#5890),#18);
#16=MANIFOLD_SOLID_BREP('Body1',#3504);
#17=MANIFOLD_SOLID_BREP('Body2',#3505);
#18=MANIFOLD_SOLID_BREP('Body3',#3506);
#19=FACE_BOUND('',#482,.T.);
#20=FACE_BOUND('',#484,.T.);
#21=FACE_BOUND('',#508,.T.);
#22=FACE_BOUND('',#520,.T.);
#23=FACE_BOUND('',#521,.T.);
#24=FACE_BOUND('',#522,.T.);
#25=FACE_BOUND('',#523,.T.);
#26=FACE_BOUND('',#525,.T.);
#27=FACE_BOUND('',#526,.T.);
#28=FACE_BOUND('',#527,.T.);
#29=FACE_BOUND('',#528,.T.);
#30=FACE_BOUND('',#532,.T.);
#31=FACE_BOUND('',#537,.T.);
#32=FACE_BOUND('',#542,.T.);
#33=FACE_BOUND('',#547,.T.);
#34=FACE_BOUND('',#552,.T.);
#35=FACE_BOUND('',#557,.T.);
#36=FACE_BOUND('',#580,.T.);
#37=FACE_BOUND('',#616,.T.);
#38=FACE_BOUND('',#635,.T.);
#39=FACE_BOUND('',#636,.T.);
#40=FACE_BOUND('',#637,.T.);
#41=FACE_BOUND('',#638,.T.);
#42=FACE_BOUND('',#639,.T.);
#43=FACE_BOUND('',#640,.T.);
#44=FACE_BOUND('',#641,.T.);
#45=FACE_BOUND('',#642,.T.);
#46=FACE_BOUND('',#643,.T.);
#47=FACE_BOUND('',#644,.T.);
#48=FACE_BOUND('',#645,.T.);
#49=FACE_BOUND('',#646,.T.);
#50=FACE_BOUND('',#647,.T.);
#51=FACE_BOUND('',#648,.T.);
#52=FACE_BOUND('',#649,.T.);
#53=FACE_BOUND('',#655,.T.);
#54=FACE_BOUND('',#657,.T.);
#55=FACE_BOUND('',#663,.T.);
#56=FACE_BOUND('',#671,.T.);
#57=FACE_BOUND('',#677,.T.);
#58=FACE_BOUND('',#678,.T.);
#59=FACE_BOUND('',#679,.T.);
#60=FACE_BOUND('',#680,.T.);
#61=CIRCLE('',#3522,37.);
#62=CIRCLE('',#3523,37.);
#63=CIRCLE('',#3526,37.);
#64=CIRCLE('',#3527,37.);
#65=CIRCLE('',#3530,37.);
#66=CIRCLE('',#3531,37.);
#67=CIRCLE('',#3534,37.);
#68=CIRCLE('',#3535,37.);
#69=CIRCLE('',#3538,6.99999999999999);
#70=CIRCLE('',#3539,6.99999999999999);
#71=CIRCLE('',#3543,7.99999999999999);
#72=CIRCLE('',#3544,7.99999999999999);
#73=CIRCLE('',#3547,38.);
#74=CIRCLE('',#3548,38.);
#75=CIRCLE('',#3551,38.);
#76=CIRCLE('',#3552,38.);
#77=CIRCLE('',#3555,38.);
#78=CIRCLE('',#3556,38.);
#79=CIRCLE('',#3559,38.);
#80=CIRCLE('',#3560,38.);
#81=CIRCLE('',#3564,5.99999999999999);
#82=CIRCLE('',#3565,36.);
#83=CIRCLE('',#3566,36.);
#84=CIRCLE('',#3567,36.);
#85=CIRCLE('',#3568,36.);
#86=CIRCLE('',#3570,36.);
#87=CIRCLE('',#3573,36.);
#88=CIRCLE('',#3576,5.99999999999999);
#89=CIRCLE('',#3580,35.);
#90=CIRCLE('',#3581,35.);
#91=CIRCLE('',#3584,35.);
#92=CIRCLE('',#3585,35.);
#93=CIRCLE('',#3588,35.);
#94=CIRCLE('',#3589,35.);
#95=CIRCLE('',#3592,35.);
#96=CIRCLE('',#3593,35.);
#97=CIRCLE('',#3596,4.99999999999999);
#98=CIRCLE('',#3597,4.99999999999999);
#99=CIRCLE('',#3601,36.);
#100=CIRCLE('',#3604,36.);
#101=CIRCLE('',#3612,8.00000000000001);
#102=CIRCLE('',#3613,8.00000000000001);
#103=CIRCLE('',#3619,8.00000000000001);
#104=CIRCLE('',#3620,8.00000000000001);
#105=CIRCLE('',#3624,12.5);
#106=CIRCLE('',#3625,12.5);
#107=CIRCLE('',#3627,13.5);
#108=CIRCLE('',#3628,13.5);
#109=CIRCLE('',#3632,12.5);
#110=CIRCLE('',#3633,12.5);
#111=CIRCLE('',#3635,13.5);
#112=CIRCLE('',#3636,13.5);
#113=CIRCLE('',#3640,12.5);
#114=CIRCLE('',#3641,12.5);
#115=CIRCLE('',#3643,13.5);
#116=CIRCLE('',#3644,13.5);
#117=CIRCLE('',#3648,12.5);
#118=CIRCLE('',#3649,12.5);
#119=CIRCLE('',#3651,13.5);
#120=CIRCLE('',#3652,13.5);
#121=CIRCLE('',#3656,12.5);
#122=CIRCLE('',#3657,12.5);
#123=CIRCLE('',#3659,13.5);
#124=CIRCLE('',#3660,13.5);
#125=CIRCLE('',#3664,12.5);
#126=CIRCLE('',#3665,12.5);
#127=CIRCLE('',#3667,13.5);
#128=CIRCLE('',#3668,13.5);
#129=CIRCLE('',#3672,3.50000000000001);
#130=CIRCLE('',#3673,3.50000000000001);
#131=CIRCLE('',#3676,5.99999999999999);
#132=CIRCLE('',#3677,5.99999999999999);
#133=CIRCLE('',#3680,36.);
#134=CIRCLE('',#3681,36.);
#135=CIRCLE('',#3684,36.);
#136=CIRCLE('',#3685,36.);
#137=CIRCLE('',#3688,36.);
#138=CIRCLE('',#3689,36.);
#139=CIRCLE('',#3692,36.);
#140=CIRCLE('',#3693,36.);
#141=CIRCLE('',#3695,5.);
#142=CIRCLE('',#3697,5.);
#143=CIRCLE('',#3699,2.5);
#144=CIRCLE('',#3701,2.5);
#145=CIRCLE('',#3703,2.5);
#146=CIRCLE('',#3705,2.5);
#147=CIRCLE('',#3707,5.00000007450581);
#148=CIRCLE('',#3709,5.00000007450581);
#149=CIRCLE('',#3712,35.);
#150=CIRCLE('',#3713,4.99999999999999);
#151=CIRCLE('',#3714,35.);
#152=CIRCLE('',#3715,35.);
#153=CIRCLE('',#3716,35.);
#154=CIRCLE('',#3718,3.49999999999998);
#155=CIRCLE('',#3721,6.99999999999999);
#156=CIRCLE('',#3722,37.);
#157=CIRCLE('',#3723,37.);
#158=CIRCLE('',#3724,37.);
#159=CIRCLE('',#3725,37.);
#160=CIRCLE('',#3730,5.);
#161=CIRCLE('',#3732,5.);
#162=CIRCLE('',#3734,2.5);
#163=CIRCLE('',#3736,2.5);
#164=CIRCLE('',#3738,2.5);
#165=CIRCLE('',#3740,2.5);
#166=CIRCLE('',#3742,35.);
#167=CIRCLE('',#3745,35.);
#168=CIRCLE('',#3747,35.);
#169=CIRCLE('',#3750,35.);
#170=CIRCLE('',#3753,4.99999999999999);
#171=CIRCLE('',#3757,5.00000007450581);
#172=CIRCLE('',#3759,5.00000007450581);
#173=CIRCLE('',#3773,37.);
#174=CIRCLE('',#3779,6.99999999999999);
#175=CIRCLE('',#3782,37.);
#176=CIRCLE('',#3785,37.);
#177=CIRCLE('',#3788,37.);
#178=CIRCLE('',#3790,3.49999999999998);
#179=CIRCLE('',#3800,38.);
#180=CIRCLE('',#3801,38.);
#181=CIRCLE('',#3802,7.99999999999998);
#182=CIRCLE('',#3803,38.);
#183=CIRCLE('',#3804,38.);
#184=CIRCLE('',#3806,4.49999999999999);
#185=CIRCLE('',#3808,3.50000000000001);
#186=CIRCLE('',#3810,3.50000000000001);
#187=CIRCLE('',#3813,38.);
#188=CIRCLE('',#3817,7.99999999999998);
#189=CIRCLE('',#3820,38.);
#190=CIRCLE('',#3823,38.);
#191=CIRCLE('',#3826,38.);
#192=CIRCLE('',#3828,4.49999999999999);
#193=CIRCLE('',#3830,3.50000000000001);
#194=CIRCLE('',#3832,3.50000000000001);
#195=CYLINDRICAL_SURFACE('',#3521,37.);
#196=CYLINDRICAL_SURFACE('',#3525,37.);
#197=CYLINDRICAL_SURFACE('',#3529,37.);
#198=CYLINDRICAL_SURFACE('',#3533,37.);
#199=CYLINDRICAL_SURFACE('',#3537,6.99999999999999);
#200=CYLINDRICAL_SURFACE('',#3542,7.99999999999999);
#201=CYLINDRICAL_SURFACE('',#3546,38.);
#202=CYLINDRICAL_SURFACE('',#3550,38.);
#203=CYLINDRICAL_SURFACE('',#3554,38.);
#204=CYLINDRICAL_SURFACE('',#3558,38.);
#205=CYLINDRICAL_SURFACE('',#3569,36.);
#206=CYLINDRICAL_SURFACE('',#3572,36.);
#207=CYLINDRICAL_SURFACE('',#3575,5.99999999999999);
#208=CYLINDRICAL_SURFACE('',#3579,35.);
#209=CYLINDRICAL_SURFACE('',#3583,35.);
#210=CYLINDRICAL_SURFACE('',#3587,35.);
#211=CYLINDRICAL_SURFACE('',#3591,35.);
#212=CYLINDRICAL_SURFACE('',#3595,4.99999999999999);
#213=CYLINDRICAL_SURFACE('',#3600,36.);
#214=CYLINDRICAL_SURFACE('',#3603,36.);
#215=CYLINDRICAL_SURFACE('',#3611,8.00000000000001);
#216=CYLINDRICAL_SURFACE('',#3618,8.00000000000001);
#217=CYLINDRICAL_SURFACE('',#3623,12.5);
#218=CYLINDRICAL_SURFACE('',#3626,13.5);
#219=CYLINDRICAL_SURFACE('',#3631,12.5);
#220=CYLINDRICAL_SURFACE('',#3634,13.5);
#221=CYLINDRICAL_SURFACE('',#3639,12.5);
#222=CYLINDRICAL_SURFACE('',#3642,13.5);
#223=CYLINDRICAL_SURFACE('',#3647,12.5);
#224=CYLINDRICAL_SURFACE('',#3650,13.5);
#225=CYLINDRICAL_SURFACE('',#3655,12.5);
#226=CYLINDRICAL_SURFACE('',#3658,13.5);
#227=CYLINDRICAL_SURFACE('',#3663,12.5);
#228=CYLINDRICAL_SURFACE('',#3666,13.5);
#229=CYLINDRICAL_SURFACE('',#3671,3.50000000000001);
#230=CYLINDRICAL_SURFACE('',#3675,5.99999999999999);
#231=CYLINDRICAL_SURFACE('',#3679,36.);
#232=CYLINDRICAL_SURFACE('',#3683,36.);
#233=CYLINDRICAL_SURFACE('',#3687,36.);
#234=CYLINDRICAL_SURFACE('',#3691,36.);
#235=CYLINDRICAL_SURFACE('',#3729,5.);
#236=CYLINDRICAL_SURFACE('',#3731,5.);
#237=CYLINDRICAL_SURFACE('',#3733,2.5);
#238=CYLINDRICAL_SURFACE('',#3735,2.5);
#239=CYLINDRICAL_SURFACE('',#3737,2.5);
#240=CYLINDRICAL_SURFACE('',#3739,2.5);
#241=CYLINDRICAL_SURFACE('',#3741,35.);
#242=CYLINDRICAL_SURFACE('',#3744,35.);
#243=CYLINDRICAL_SURFACE('',#3746,35.);
#244=CYLINDRICAL_SURFACE('',#3749,35.);
#245=CYLINDRICAL_SURFACE('',#3752,4.99999999999999);
#246=CYLINDRICAL_SURFACE('',#3756,5.00000007450581);
#247=CYLINDRICAL_SURFACE('',#3758,5.00000007450581);
#248=CYLINDRICAL_SURFACE('',#3772,37.);
#249=CYLINDRICAL_SURFACE('',#3778,6.99999999999999);
#250=CYLINDRICAL_SURFACE('',#3781,37.);
#251=CYLINDRICAL_SURFACE('',#3784,37.);
#252=CYLINDRICAL_SURFACE('',#3787,37.);
#253=CYLINDRICAL_SURFACE('',#3789,3.49999999999998);
#254=CYLINDRICAL_SURFACE('',#3812,38.);
#255=CYLINDRICAL_SURFACE('',#3816,7.99999999999998);
#256=CYLINDRICAL_SURFACE('',#3819,38.);
#257=CYLINDRICAL_SURFACE('',#3822,38.);
#258=CYLINDRICAL_SURFACE('',#3825,38.);
#259=CYLINDRICAL_SURFACE('',#3827,4.49999999999999);
#260=CYLINDRICAL_SURFACE('',#3829,3.50000000000001);
#261=CYLINDRICAL_SURFACE('',#3831,3.50000000000001);
#262=FACE_OUTER_BOUND('',#459,.T.);
#263=FACE_OUTER_BOUND('',#460,.T.);
#264=FACE_OUTER_BOUND('',#461,.T.);
#265=FACE_OUTER_BOUND('',#462,.T.);
#266=FACE_OUTER_BOUND('',#463,.T.);
#267=FACE_OUTER_BOUND('',#464,.T.);
#268=FACE_OUTER_BOUND('',#465,.T.);
#269=FACE_OUTER_BOUND('',#466,.T.);
#270=FACE_OUTER_BOUND('',#467,.T.);
#271=FACE_OUTER_BOUND('',#468,.T.);
#272=FACE_OUTER_BOUND('',#469,.T.);
#273=FACE_OUTER_BOUND('',#470,.T.);
#274=FACE_OUTER_BOUND('',#471,.T.);
#275=FACE_OUTER_BOUND('',#472,.T.);
#276=FACE_OUTER_BOUND('',#473,.T.);
#277=FACE_OUTER_BOUND('',#474,.T.);
#278=FACE_OUTER_BOUND('',#475,.T.);
#279=FACE_OUTER_BOUND('',#476,.T.);
#280=FACE_OUTER_BOUND('',#477,.T.);
#281=FACE_OUTER_BOUND('',#478,.T.);
#282=FACE_OUTER_BOUND('',#479,.T.);
#283=FACE_OUTER_BOUND('',#480,.T.);
#284=FACE_OUTER_BOUND('',#481,.T.);
#285=FACE_OUTER_BOUND('',#483,.T.);
#286=FACE_OUTER_BOUND('',#485,.T.);
#287=FACE_OUTER_BOUND('',#486,.T.);
#288=FACE_OUTER_BOUND('',#487,.T.);
#289=FACE_OUTER_BOUND('',#488,.T.);
#290=FACE_OUTER_BOUND('',#489,.T.);
#291=FACE_OUTER_BOUND('',#490,.T.);
#292=FACE_OUTER_BOUND('',#491,.T.);
#293=FACE_OUTER_BOUND('',#492,.T.);
#294=FACE_OUTER_BOUND('',#493,.T.);
#295=FACE_OUTER_BOUND('',#494,.T.);
#296=FACE_OUTER_BOUND('',#495,.T.);
#297=FACE_OUTER_BOUND('',#496,.T.);
#298=FACE_OUTER_BOUND('',#497,.T.);
#299=FACE_OUTER_BOUND('',#498,.T.);
#300=FACE_OUTER_BOUND('',#499,.T.);
#301=FACE_OUTER_BOUND('',#500,.T.);
#302=FACE_OUTER_BOUND('',#501,.T.);
#303=FACE_OUTER_BOUND('',#502,.T.);
#304=FACE_OUTER_BOUND('',#503,.T.);
#305=FACE_OUTER_BOUND('',#504,.T.);
#306=FACE_OUTER_BOUND('',#505,.T.);
#307=FACE_OUTER_BOUND('',#506,.T.);
#308=FACE_OUTER_BOUND('',#507,.T.);
#309=FACE_OUTER_BOUND('',#509,.T.);
#310=FACE_OUTER_BOUND('',#510,.T.);
#311=FACE_OUTER_BOUND('',#511,.T.);
#312=FACE_OUTER_BOUND('',#512,.T.);
#313=FACE_OUTER_BOUND('',#513,.T.);
#314=FACE_OUTER_BOUND('',#514,.T.);
#315=FACE_OUTER_BOUND('',#515,.T.);
#316=FACE_OUTER_BOUND('',#516,.T.);
#317=FACE_OUTER_BOUND('',#517,.T.);
#318=FACE_OUTER_BOUND('',#518,.T.);
#319=FACE_OUTER_BOUND('',#519,.T.);
#320=FACE_OUTER_BOUND('',#524,.T.);
#321=FACE_OUTER_BOUND('',#529,.T.);
#322=FACE_OUTER_BOUND('',#530,.T.);
#323=FACE_OUTER_BOUND('',#531,.T.);
#324=FACE_OUTER_BOUND('',#533,.T.);
#325=FACE_OUTER_BOUND('',#534,.T.);
#326=FACE_OUTER_BOUND('',#535,.T.);
#327=FACE_OUTER_BOUND('',#536,.T.);
#328=FACE_OUTER_BOUND('',#538,.T.);
#329=FACE_OUTER_BOUND('',#539,.T.);
#330=FACE_OUTER_BOUND('',#540,.T.);
#331=FACE_OUTER_BOUND('',#541,.T.);
#332=FACE_OUTER_BOUND('',#543,.T.);
#333=FACE_OUTER_BOUND('',#544,.T.);
#334=FACE_OUTER_BOUND('',#545,.T.);
#335=FACE_OUTER_BOUND('',#546,.T.);
#336=FACE_OUTER_BOUND('',#548,.T.);
#337=FACE_OUTER_BOUND('',#549,.T.);
#338=FACE_OUTER_BOUND('',#550,.T.);
#339=FACE_OUTER_BOUND('',#551,.T.);
#340=FACE_OUTER_BOUND('',#553,.T.);
#341=FACE_OUTER_BOUND('',#554,.T.);
#342=FACE_OUTER_BOUND('',#555,.T.);
#343=FACE_OUTER_BOUND('',#556,.T.);
#344=FACE_OUTER_BOUND('',#558,.T.);
#345=FACE_OUTER_BOUND('',#559,.T.);
#346=FACE_OUTER_BOUND('',#560,.T.);
#347=FACE_OUTER_BOUND('',#561,.T.);
#348=FACE_OUTER_BOUND('',#562,.T.);
#349=FACE_OUTER_BOUND('',#563,.T.);
#350=FACE_OUTER_BOUND('',#564,.T.);
#351=FACE_OUTER_BOUND('',#565,.T.);
#352=FACE_OUTER_BOUND('',#566,.T.);
#353=FACE_OUTER_BOUND('',#567,.T.);
#354=FACE_OUTER_BOUND('',#568,.T.);
#355=FACE_OUTER_BOUND('',#569,.T.);
#356=FACE_OUTER_BOUND('',#570,.T.);
#357=FACE_OUTER_BOUND('',#571,.T.);
#358=FACE_OUTER_BOUND('',#572,.T.);
#359=FACE_OUTER_BOUND('',#573,.T.);
#360=FACE_OUTER_BOUND('',#574,.T.);
#361=FACE_OUTER_BOUND('',#575,.T.);
#362=FACE_OUTER_BOUND('',#576,.T.);
#363=FACE_OUTER_BOUND('',#577,.T.);
#364=FACE_OUTER_BOUND('',#578,.T.);
#365=FACE_OUTER_BOUND('',#579,.T.);
#366=FACE_OUTER_BOUND('',#581,.T.);
#367=FACE_OUTER_BOUND('',#582,.T.);
#368=FACE_OUTER_BOUND('',#583,.T.);
#369=FACE_OUTER_BOUND('',#584,.T.);
#370=FACE_OUTER_BOUND('',#585,.T.);
#371=FACE_OUTER_BOUND('',#586,.T.);
#372=FACE_OUTER_BOUND('',#587,.T.);
#373=FACE_OUTER_BOUND('',#588,.T.);
#374=FACE_OUTER_BOUND('',#589,.T.);
#375=FACE_OUTER_BOUND('',#590,.T.);
#376=FACE_OUTER_BOUND('',#591,.T.);
#377=FACE_OUTER_BOUND('',#592,.T.);
#378=FACE_OUTER_BOUND('',#593,.T.);
#379=FACE_OUTER_BOUND('',#594,.T.);
#380=FACE_OUTER_BOUND('',#595,.T.);
#381=FACE_OUTER_BOUND('',#596,.T.);
#382=FACE_OUTER_BOUND('',#597,.T.);
#383=FACE_OUTER_BOUND('',#598,.T.);
#384=FACE_OUTER_BOUND('',#599,.T.);
#385=FACE_OUTER_BOUND('',#600,.T.);
#386=FACE_OUTER_BOUND('',#601,.T.);
#387=FACE_OUTER_BOUND('',#602,.T.);
#388=FACE_OUTER_BOUND('',#603,.T.);
#389=FACE_OUTER_BOUND('',#604,.T.);
#390=FACE_OUTER_BOUND('',#605,.T.);
#391=FACE_OUTER_BOUND('',#606,.T.);
#392=FACE_OUTER_BOUND('',#607,.T.);
#393=FACE_OUTER_BOUND('',#608,.T.);
#394=FACE_OUTER_BOUND('',#609,.T.);
#395=FACE_OUTER_BOUND('',#610,.T.);
#396=FACE_OUTER_BOUND('',#611,.T.);
#397=FACE_OUTER_BOUND('',#612,.T.);
#398=FACE_OUTER_BOUND('',#613,.T.);
#399=FACE_OUTER_BOUND('',#614,.T.);
#400=FACE_OUTER_BOUND('',#615,.T.);
#401=FACE_OUTER_BOUND('',#617,.T.);
#402=FACE_OUTER_BOUND('',#618,.T.);
#403=FACE_OUTER_BOUND('',#619,.T.);
#404=FACE_OUTER_BOUND('',#620,.T.);
#405=FACE_OUTER_BOUND('',#621,.T.);
#406=FACE_OUTER_BOUND('',#622,.T.);
#407=FACE_OUTER_BOUND('',#623,.T.);
#408=FACE_OUTER_BOUND('',#624,.T.);
#409=FACE_OUTER_BOUND('',#625,.T.);
#410=FACE_OUTER_BOUND('',#626,.T.);
#411=FACE_OUTER_BOUND('',#627,.T.);
#412=FACE_OUTER_BOUND('',#628,.T.);
#413=FACE_OUTER_BOUND('',#629,.T.);
#414=FACE_OUTER_BOUND('',#630,.T.);
#415=FACE_OUTER_BOUND('',#631,.T.);
#416=FACE_OUTER_BOUND('',#632,.T.);
#417=FACE_OUTER_BOUND('',#633,.T.);
#418=FACE_OUTER_BOUND('',#634,.T.);
#419=FACE_OUTER_BOUND('',#650,.T.);
#420=FACE_OUTER_BOUND('',#651,.T.);
#421=FACE_OUTER_BOUND('',#652,.T.);
#422=FACE_OUTER_BOUND('',#653,.T.);
#423=FACE_OUTER_BOUND('',#654,.T.);
#424=FACE_OUTER_BOUND('',#656,.T.);
#425=FACE_OUTER_BOUND('',#658,.T.);
#426=FACE_OUTER_BOUND('',#659,.T.);
#427=FACE_OUTER_BOUND('',#660,.T.);
#428=FACE_OUTER_BOUND('',#661,.T.);
#429=FACE_OUTER_BOUND('',#662,.T.);
#430=FACE_OUTER_BOUND('',#664,.T.);
#431=FACE_OUTER_BOUND('',#665,.T.);
#432=FACE_OUTER_BOUND('',#666,.T.);
#433=FACE_OUTER_BOUND('',#667,.T.);
#434=FACE_OUTER_BOUND('',#668,.T.);
#435=FACE_OUTER_BOUND('',#669,.T.);
#436=FACE_OUTER_BOUND('',#670,.T.);
#437=FACE_OUTER_BOUND('',#672,.T.);
#438=FACE_OUTER_BOUND('',#673,.T.);
#439=FACE_OUTER_BOUND('',#674,.T.);
#440=FACE_OUTER_BOUND('',#675,.T.);
#441=FACE_OUTER_BOUND('',#676,.T.);
#442=FACE_OUTER_BOUND('',#681,.T.);
#443=FACE_OUTER_BOUND('',#682,.T.);
#444=FACE_OUTER_BOUND('',#683,.T.);
#445=FACE_OUTER_BOUND('',#684,.T.);
#446=FACE_OUTER_BOUND('',#685,.T.);
#447=FACE_OUTER_BOUND('',#686,.T.);
#448=FACE_OUTER_BOUND('',#687,.T.);
#449=FACE_OUTER_BOUND('',#688,.T.);
#450=FACE_OUTER_BOUND('',#689,.T.);
#451=FACE_OUTER_BOUND('',#690,.T.);
#452=FACE_OUTER_BOUND('',#691,.T.);
#453=FACE_OUTER_BOUND('',#692,.T.);
#454=FACE_OUTER_BOUND('',#693,.T.);
#455=FACE_OUTER_BOUND('',#694,.T.);
#456=FACE_OUTER_BOUND('',#695,.T.);
#457=FACE_OUTER_BOUND('',#696,.T.);
#458=FACE_OUTER_BOUND('',#697,.T.);
#459=EDGE_LOOP('',(#2207,#2208,#2209,#2210));
#460=EDGE_LOOP('',(#2211,#2212,#2213,#2214));
#461=EDGE_LOOP('',(#2215,#2216,#2217,#2218));
#462=EDGE_LOOP('',(#2219,#2220,#2221,#2222));
#463=EDGE_LOOP('',(#2223,#2224,#2225,#2226));
#464=EDGE_LOOP('',(#2227,#2228,#2229,#2230));
#465=EDGE_LOOP('',(#2231,#2232,#2233,#2234));
#466=EDGE_LOOP('',(#2235,#2236,#2237,#2238));
#467=EDGE_LOOP('',(#2239,#2240,#2241,#2242));
#468=EDGE_LOOP('',(#2243,#2244,#2245,#2246));
#469=EDGE_LOOP('',(#2247,#2248,#2249,#2250));
#470=EDGE_LOOP('',(#2251,#2252,#2253,#2254));
#471=EDGE_LOOP('',(#2255,#2256,#2257,#2258));
#472=EDGE_LOOP('',(#2259,#2260,#2261,#2262));
#473=EDGE_LOOP('',(#2263,#2264,#2265,#2266));
#474=EDGE_LOOP('',(#2267,#2268,#2269,#2270));
#475=EDGE_LOOP('',(#2271,#2272,#2273,#2274));
#476=EDGE_LOOP('',(#2275,#2276,#2277,#2278));
#477=EDGE_LOOP('',(#2279,#2280,#2281,#2282));
#478=EDGE_LOOP('',(#2283,#2284,#2285,#2286));
#479=EDGE_LOOP('',(#2287,#2288,#2289,#2290));
#480=EDGE_LOOP('',(#2291,#2292,#2293,#2294));
#481=EDGE_LOOP('',(#2295,#2296,#2297,#2298,#2299,#2300,#2301,#2302,#2303,
#2304,#2305));
#482=EDGE_LOOP('',(#2306,#2307,#2308,#2309,#2310,#2311,#2312,#2313,#2314,
#2315,#2316));
#483=EDGE_LOOP('',(#2317,#2318,#2319,#2320,#2321,#2322,#2323,#2324,#2325,
#2326,#2327));
#484=EDGE_LOOP('',(#2328,#2329,#2330,#2331,#2332,#2333,#2334,#2335,#2336,
#2337,#2338));
#485=EDGE_LOOP('',(#2339,#2340,#2341,#2342));
#486=EDGE_LOOP('',(#2343,#2344,#2345,#2346));
#487=EDGE_LOOP('',(#2347,#2348,#2349,#2350));
#488=EDGE_LOOP('',(#2351,#2352,#2353,#2354));
#489=EDGE_LOOP('',(#2355,#2356,#2357,#2358));
#490=EDGE_LOOP('',(#2359,#2360,#2361,#2362));
#491=EDGE_LOOP('',(#2363,#2364,#2365,#2366));
#492=EDGE_LOOP('',(#2367,#2368,#2369,#2370));
#493=EDGE_LOOP('',(#2371,#2372,#2373,#2374));
#494=EDGE_LOOP('',(#2375,#2376,#2377,#2378));
#495=EDGE_LOOP('',(#2379,#2380,#2381,#2382));
#496=EDGE_LOOP('',(#2383,#2384,#2385,#2386));
#497=EDGE_LOOP('',(#2387,#2388,#2389,#2390));
#498=EDGE_LOOP('',(#2391,#2392,#2393,#2394));
#499=EDGE_LOOP('',(#2395,#2396,#2397,#2398));
#500=EDGE_LOOP('',(#2399,#2400,#2401,#2402));
#501=EDGE_LOOP('',(#2403,#2404,#2405,#2406));
#502=EDGE_LOOP('',(#2407,#2408,#2409,#2410));
#503=EDGE_LOOP('',(#2411,#2412,#2413,#2414));
#504=EDGE_LOOP('',(#2415,#2416,#2417,#2418));
#505=EDGE_LOOP('',(#2419,#2420,#2421,#2422));
#506=EDGE_LOOP('',(#2423,#2424,#2425,#2426));
#507=EDGE_LOOP('',(#2427,#2428,#2429,#2430,#2431,#2432,#2433,#2434,#2435,
#2436,#2437));
#508=EDGE_LOOP('',(#2438,#2439,#2440,#2441,#2442,#2443,#2444,#2445,#2446,
#2447,#2448));
#509=EDGE_LOOP('',(#2449,#2450,#2451,#2452));
#510=EDGE_LOOP('',(#2453,#2454,#2455,#2456));
#511=EDGE_LOOP('',(#2457,#2458,#2459,#2460));
#512=EDGE_LOOP('',(#2461,#2462,#2463,#2464));
#513=EDGE_LOOP('',(#2465,#2466,#2467,#2468));
#514=EDGE_LOOP('',(#2469,#2470,#2471,#2472));
#515=EDGE_LOOP('',(#2473,#2474,#2475,#2476));
#516=EDGE_LOOP('',(#2477,#2478,#2479,#2480));
#517=EDGE_LOOP('',(#2481,#2482,#2483,#2484));
#518=EDGE_LOOP('',(#2485,#2486,#2487,#2488));
#519=EDGE_LOOP('',(#2489,#2490,#2491,#2492,#2493,#2494,#2495,#2496,#2497,
#2498,#2499));
#520=EDGE_LOOP('',(#2500));
#521=EDGE_LOOP('',(#2501,#2502,#2503,#2504));
#522=EDGE_LOOP('',(#2505));
#523=EDGE_LOOP('',(#2506,#2507,#2508,#2509));
#524=EDGE_LOOP('',(#2510,#2511,#2512,#2513,#2514,#2515,#2516,#2517,#2518,
#2519,#2520));
#525=EDGE_LOOP('',(#2521));
#526=EDGE_LOOP('',(#2522,#2523,#2524,#2525));
#527=EDGE_LOOP('',(#2526));
#528=EDGE_LOOP('',(#2527,#2528,#2529,#2530));
#529=EDGE_LOOP('',(#2531,#2532,#2533,#2534));
#530=EDGE_LOOP('',(#2535,#2536,#2537,#2538));
#531=EDGE_LOOP('',(#2539));
#532=EDGE_LOOP('',(#2540));
#533=EDGE_LOOP('',(#2541));
#534=EDGE_LOOP('',(#2542,#2543,#2544,#2545));
#535=EDGE_LOOP('',(#2546,#2547,#2548,#2549));
#536=EDGE_LOOP('',(#2550));
#537=EDGE_LOOP('',(#2551));
#538=EDGE_LOOP('',(#2552));
#539=EDGE_LOOP('',(#2553,#2554,#2555,#2556));
#540=EDGE_LOOP('',(#2557,#2558,#2559,#2560));
#541=EDGE_LOOP('',(#2561));
#542=EDGE_LOOP('',(#2562));
#543=EDGE_LOOP('',(#2563));
#544=EDGE_LOOP('',(#2564,#2565,#2566,#2567));
#545=EDGE_LOOP('',(#2568,#2569,#2570,#2571));
#546=EDGE_LOOP('',(#2572));
#547=EDGE_LOOP('',(#2573));
#548=EDGE_LOOP('',(#2574));
#549=EDGE_LOOP('',(#2575,#2576,#2577,#2578));
#550=EDGE_LOOP('',(#2579,#2580,#2581,#2582));
#551=EDGE_LOOP('',(#2583));
#552=EDGE_LOOP('',(#2584));
#553=EDGE_LOOP('',(#2585));
#554=EDGE_LOOP('',(#2586,#2587,#2588,#2589));
#555=EDGE_LOOP('',(#2590,#2591,#2592,#2593));
#556=EDGE_LOOP('',(#2594));
#557=EDGE_LOOP('',(#2595));
#558=EDGE_LOOP('',(#2596));
#559=EDGE_LOOP('',(#2597,#2598,#2599,#2600));
#560=EDGE_LOOP('',(#2601,#2602,#2603,#2604));
#561=EDGE_LOOP('',(#2605,#2606,#2607,#2608));
#562=EDGE_LOOP('',(#2609,#2610,#2611,#2612));
#563=EDGE_LOOP('',(#2613,#2614,#2615,#2616));
#564=EDGE_LOOP('',(#2617,#2618,#2619,#2620));
#565=EDGE_LOOP('',(#2621,#2622,#2623,#2624));
#566=EDGE_LOOP('',(#2625,#2626,#2627,#2628));
#567=EDGE_LOOP('',(#2629,#2630,#2631,#2632));
#568=EDGE_LOOP('',(#2633,#2634,#2635,#2636));
#569=EDGE_LOOP('',(#2637,#2638,#2639,#2640));
#570=EDGE_LOOP('',(#2641));
#571=EDGE_LOOP('',(#2642));
#572=EDGE_LOOP('',(#2643));
#573=EDGE_LOOP('',(#2644));
#574=EDGE_LOOP('',(#2645));
#575=EDGE_LOOP('',(#2646));
#576=EDGE_LOOP('',(#2647));
#577=EDGE_LOOP('',(#2648));
#578=EDGE_LOOP('',(#2649,#2650,#2651,#2652,#2653,#2654,#2655,#2656,#2657,
#2658));
#579=EDGE_LOOP('',(#2659,#2660,#2661,#2662,#2663,#2664,#2665,#2666,#2667,
#2668,#2669,#2670,#2671));
#580=EDGE_LOOP('',(#2672,#2673,#2674,#2675,#2676,#2677,#2678,#2679,#2680,
#2681,#2682));
#581=EDGE_LOOP('',(#2683));
#582=EDGE_LOOP('',(#2684,#2685,#2686,#2687));
#583=EDGE_LOOP('',(#2688,#2689,#2690,#2691,#2692,#2693,#2694,#2695,#2696,
#2697,#2698,#2699,#2700,#2701,#2702,#2703,#2704,#2705,#2706,#2707,#2708,
#2709,#2710,#2711,#2712,#2713));
#584=EDGE_LOOP('',(#2714,#2715,#2716,#2717));
#585=EDGE_LOOP('',(#2718,#2719,#2720,#2721));
#586=EDGE_LOOP('',(#2722,#2723,#2724,#2725));
#587=EDGE_LOOP('',(#2726,#2727,#2728,#2729));
#588=EDGE_LOOP('',(#2730,#2731,#2732,#2733));
#589=EDGE_LOOP('',(#2734,#2735,#2736,#2737));
#590=EDGE_LOOP('',(#2738,#2739,#2740,#2741));
#591=EDGE_LOOP('',(#2742,#2743,#2744,#2745));
#592=EDGE_LOOP('',(#2746,#2747,#2748,#2749));
#593=EDGE_LOOP('',(#2750,#2751,#2752,#2753));
#594=EDGE_LOOP('',(#2754,#2755,#2756,#2757));
#595=EDGE_LOOP('',(#2758,#2759,#2760,#2761));
#596=EDGE_LOOP('',(#2762,#2763,#2764,#2765));
#597=EDGE_LOOP('',(#2766,#2767,#2768,#2769));
#598=EDGE_LOOP('',(#2770,#2771,#2772,#2773));
#599=EDGE_LOOP('',(#2774,#2775,#2776,#2777));
#600=EDGE_LOOP('',(#2778,#2779,#2780,#2781));
#601=EDGE_LOOP('',(#2782,#2783,#2784,#2785));
#602=EDGE_LOOP('',(#2786,#2787,#2788,#2789,#2790,#2791,#2792,#2793));
#603=EDGE_LOOP('',(#2794,#2795,#2796,#2797));
#604=EDGE_LOOP('',(#2798,#2799,#2800,#2801));
#605=EDGE_LOOP('',(#2802,#2803,#2804,#2805));
#606=EDGE_LOOP('',(#2806,#2807,#2808,#2809));
#607=EDGE_LOOP('',(#2810,#2811,#2812,#2813));
#608=EDGE_LOOP('',(#2814,#2815,#2816,#2817));
#609=EDGE_LOOP('',(#2818,#2819,#2820,#2821));
#610=EDGE_LOOP('',(#2822,#2823,#2824,#2825));
#611=EDGE_LOOP('',(#2826,#2827,#2828,#2829));
#612=EDGE_LOOP('',(#2830,#2831,#2832,#2833));
#613=EDGE_LOOP('',(#2834,#2835,#2836,#2837));
#614=EDGE_LOOP('',(#2838,#2839,#2840,#2841));
#615=EDGE_LOOP('',(#2842,#2843,#2844,#2845));
#616=EDGE_LOOP('',(#2846,#2847,#2848,#2849));
#617=EDGE_LOOP('',(#2850,#2851,#2852,#2853));
#618=EDGE_LOOP('',(#2854,#2855,#2856,#2857));
#619=EDGE_LOOP('',(#2858,#2859,#2860,#2861));
#620=EDGE_LOOP('',(#2862,#2863,#2864,#2865));
#621=EDGE_LOOP('',(#2866,#2867,#2868,#2869));
#622=EDGE_LOOP('',(#2870,#2871,#2872,#2873));
#623=EDGE_LOOP('',(#2874,#2875,#2876,#2877));
#624=EDGE_LOOP('',(#2878,#2879,#2880,#2881));
#625=EDGE_LOOP('',(#2882,#2883,#2884,#2885));
#626=EDGE_LOOP('',(#2886,#2887,#2888,#2889));
#627=EDGE_LOOP('',(#2890,#2891,#2892,#2893));
#628=EDGE_LOOP('',(#2894,#2895,#2896,#2897));
#629=EDGE_LOOP('',(#2898,#2899,#2900,#2901));
#630=EDGE_LOOP('',(#2902,#2903,#2904,#2905));
#631=EDGE_LOOP('',(#2906,#2907,#2908,#2909,#2910,#2911,#2912,#2913,#2914,
#2915));
#632=EDGE_LOOP('',(#2916,#2917,#2918,#2919));
#633=EDGE_LOOP('',(#2920,#2921,#2922,#2923,#2924,#2925,#2926,#2927,#2928,
#2929));
#634=EDGE_LOOP('',(#2930,#2931,#2932,#2933,#2934,#2935,#2936,#2937,#2938,
#2939,#2940,#2941,#2942,#2943,#2944));
#635=EDGE_LOOP('',(#2945));
#636=EDGE_LOOP('',(#2946));
#637=EDGE_LOOP('',(#2947));
#638=EDGE_LOOP('',(#2948,#2949,#2950,#2951,#2952,#2953,#2954,#2955,#2956,
#2957));
#639=EDGE_LOOP('',(#2958));
#640=EDGE_LOOP('',(#2959));
#641=EDGE_LOOP('',(#2960));
#642=EDGE_LOOP('',(#2961));
#643=EDGE_LOOP('',(#2962));
#644=EDGE_LOOP('',(#2963));
#645=EDGE_LOOP('',(#2964));
#646=EDGE_LOOP('',(#2965));
#647=EDGE_LOOP('',(#2966));
#648=EDGE_LOOP('',(#2967));
#649=EDGE_LOOP('',(#2968));
#650=EDGE_LOOP('',(#2969,#2970,#2971,#2972));
#651=EDGE_LOOP('',(#2973,#2974,#2975,#2976));
#652=EDGE_LOOP('',(#2977,#2978,#2979,#2980));
#653=EDGE_LOOP('',(#2981,#2982,#2983,#2984));
#654=EDGE_LOOP('',(#2985,#2986,#2987,#2988,#2989,#2990,#2991,#2992,#2993,
#2994,#2995));
#655=EDGE_LOOP('',(#2996,#2997,#2998,#2999,#3000,#3001,#3002,#3003,#3004,
#3005,#3006,#3007,#3008));
#656=EDGE_LOOP('',(#3009));
#657=EDGE_LOOP('',(#3010));
#658=EDGE_LOOP('',(#3011));
#659=EDGE_LOOP('',(#3012));
#660=EDGE_LOOP('',(#3013,#3014,#3015,#3016));
#661=EDGE_LOOP('',(#3017,#3018,#3019,#3020));
#662=EDGE_LOOP('',(#3021,#3022,#3023,#3024));
#663=EDGE_LOOP('',(#3025,#3026,#3027,#3028));
#664=EDGE_LOOP('',(#3029,#3030,#3031,#3032));
#665=EDGE_LOOP('',(#3033,#3034,#3035,#3036));
#666=EDGE_LOOP('',(#3037,#3038,#3039,#3040));
#667=EDGE_LOOP('',(#3041,#3042,#3043,#3044));
#668=EDGE_LOOP('',(#3045,#3046,#3047,#3048));
#669=EDGE_LOOP('',(#3049,#3050,#3051,#3052));
#670=EDGE_LOOP('',(#3053,#3054,#3055,#3056));
#671=EDGE_LOOP('',(#3057,#3058,#3059,#3060));
#672=EDGE_LOOP('',(#3061,#3062,#3063,#3064));
#673=EDGE_LOOP('',(#3065,#3066,#3067,#3068));
#674=EDGE_LOOP('',(#3069,#3070,#3071,#3072));
#675=EDGE_LOOP('',(#3073,#3074,#3075,#3076));
#676=EDGE_LOOP('',(#3077,#3078,#3079,#3080,#3081,#3082,#3083,#3084,#3085,
#3086,#3087));
#677=EDGE_LOOP('',(#3088));
#678=EDGE_LOOP('',(#3089));
#679=EDGE_LOOP('',(#3090));
#680=EDGE_LOOP('',(#3091));
#681=EDGE_LOOP('',(#3092));
#682=EDGE_LOOP('',(#3093,#3094,#3095,#3096));
#683=EDGE_LOOP('',(#3097,#3098,#3099,#3100));
#684=EDGE_LOOP('',(#3101,#3102,#3103,#3104));
#685=EDGE_LOOP('',(#3105,#3106,#3107,#3108));
#686=EDGE_LOOP('',(#3109,#3110,#3111,#3112));
#687=EDGE_LOOP('',(#3113,#3114,#3115,#3116,#3117,#3118,#3119,#3120,#3121,
#3122,#3123,#3124));
#688=EDGE_LOOP('',(#3125,#3126,#3127,#3128));
#689=EDGE_LOOP('',(#3129,#3130,#3131,#3132));
#690=EDGE_LOOP('',(#3133,#3134,#3135,#3136));
#691=EDGE_LOOP('',(#3137,#3138,#3139,#3140));
#692=EDGE_LOOP('',(#3141,#3142,#3143,#3144));
#693=EDGE_LOOP('',(#3145,#3146,#3147,#3148,#3149,#3150));
#694=EDGE_LOOP('',(#3151,#3152,#3153,#3154));
#695=EDGE_LOOP('',(#3155,#3156,#3157,#3158,#3159,#3160));
#696=EDGE_LOOP('',(#3161,#3162,#3163,#3164,#3165,#3166,#3167,#3168));
#697=EDGE_LOOP('',(#3169,#3170,#3171,#3172,#3173,#3174,#3175,#3176));
#698=LINE('',#4870,#1049);
#699=LINE('',#4872,#1050);
#700=LINE('',#4874,#1051);
#701=LINE('',#4875,#1052);
#702=LINE('',#4880,#1053);
#703=LINE('',#4884,#1054);
#704=LINE('',#4886,#1055);
#705=LINE('',#4887,#1056);
#706=LINE('',#4892,#1057);
#707=LINE('',#4896,#1058);
#708=LINE('',#4898,#1059);
#709=LINE('',#4899,#1060);
#710=LINE('',#4905,#1061);
#711=LINE('',#4908,#1062);
#712=LINE('',#4910,#1063);
#713=LINE('',#4911,#1064);
#714=LINE('',#4917,#1065);
#715=LINE('',#4920,#1066);
#716=LINE('',#4922,#1067);
#717=LINE('',#4923,#1068);
#718=LINE('',#4929,#1069);
#719=LINE('',#4931,#1070);
#720=LINE('',#4932,#1071);
#721=LINE('',#4936,#1072);
#722=LINE('',#4938,#1073);
#723=LINE('',#4940,#1074);
#724=LINE('',#4941,#1075);
#725=LINE('',#4947,#1076);
#726=LINE('',#4950,#1077);
#727=LINE('',#4952,#1078);
#728=LINE('',#4953,#1079);
#729=LINE('',#4959,#1080);
#730=LINE('',#4962,#1081);
#731=LINE('',#4964,#1082);
#732=LINE('',#4965,#1083);
#733=LINE('',#4971,#1084);
#734=LINE('',#4974,#1085);
#735=LINE('',#4976,#1086);
#736=LINE('',#4977,#1087);
#737=LINE('',#4983,#1088);
#738=LINE('',#4986,#1089);
#739=LINE('',#4988,#1090);
#740=LINE('',#4989,#1091);
#741=LINE('',#4995,#1092);
#742=LINE('',#4997,#1093);
#743=LINE('',#4998,#1094);
#744=LINE('',#5003,#1095);
#745=LINE('',#5005,#1096);
#746=LINE('',#5009,#1097);
#747=LINE('',#5013,#1098);
#748=LINE('',#5017,#1099);
#749=LINE('',#5021,#1100);
#750=LINE('',#5025,#1101);
#751=LINE('',#5028,#1102);
#752=LINE('',#5031,#1103);
#753=LINE('',#5032,#1104);
#754=LINE('',#5035,#1105);
#755=LINE('',#5039,#1106);
#756=LINE('',#5040,#1107);
#757=LINE('',#5043,#1108);
#758=LINE('',#5047,#1109);
#759=LINE('',#5048,#1110);
#760=LINE('',#5052,#1111);
#761=LINE('',#5054,#1112);
#762=LINE('',#5056,#1113);
#763=LINE('',#5057,#1114);
#764=LINE('',#5062,#1115);
#765=LINE('',#5066,#1116);
#766=LINE('',#5068,#1117);
#767=LINE('',#5069,#1118);
#768=LINE('',#5074,#1119);
#769=LINE('',#5078,#1120);
#770=LINE('',#5080,#1121);
#771=LINE('',#5081,#1122);
#772=LINE('',#5087,#1123);
#773=LINE('',#5090,#1124);
#774=LINE('',#5092,#1125);
#775=LINE('',#5093,#1126);
#776=LINE('',#5099,#1127);
#777=LINE('',#5102,#1128);
#778=LINE('',#5104,#1129);
#779=LINE('',#5105,#1130);
#780=LINE('',#5111,#1131);
#781=LINE('',#5113,#1132);
#782=LINE('',#5114,#1133);
#783=LINE('',#5117,#1134);
#784=LINE('',#5118,#1135);
#785=LINE('',#5122,#1136);
#786=LINE('',#5125,#1137);
#787=LINE('',#5126,#1138);
#788=LINE('',#5130,#1139);
#789=LINE('',#5132,#1140);
#790=LINE('',#5137,#1141);
#791=LINE('',#5139,#1142);
#792=LINE('',#5141,#1143);
#793=LINE('',#5142,#1144);
#794=LINE('',#5145,#1145);
#795=LINE('',#5147,#1146);
#796=LINE('',#5148,#1147);
#797=LINE('',#5151,#1148);
#798=LINE('',#5153,#1149);
#799=LINE('',#5154,#1150);
#800=LINE('',#5156,#1151);
#801=LINE('',#5157,#1152);
#802=LINE('',#5162,#1153);
#803=LINE('',#5167,#1154);
#804=LINE('',#5169,#1155);
#805=LINE('',#5171,#1156);
#806=LINE('',#5172,#1157);
#807=LINE('',#5175,#1158);
#808=LINE('',#5177,#1159);
#809=LINE('',#5178,#1160);
#810=LINE('',#5181,#1161);
#811=LINE('',#5183,#1162);
#812=LINE('',#5184,#1163);
#813=LINE('',#5186,#1164);
#814=LINE('',#5187,#1165);
#815=LINE('',#5192,#1166);
#816=LINE('',#5200,#1167);
#817=LINE('',#5206,#1168);
#818=LINE('',#5214,#1169);
#819=LINE('',#5220,#1170);
#820=LINE('',#5228,#1171);
#821=LINE('',#5234,#1172);
#822=LINE('',#5242,#1173);
#823=LINE('',#5248,#1174);
#824=LINE('',#5256,#1175);
#825=LINE('',#5262,#1176);
#826=LINE('',#5270,#1177);
#827=LINE('',#5276,#1178);
#828=LINE('',#5284,#1179);
#829=LINE('',#5289,#1180);
#830=LINE('',#5291,#1181);
#831=LINE('',#5293,#1182);
#832=LINE('',#5294,#1183);
#833=LINE('',#5300,#1184);
#834=LINE('',#5303,#1185);
#835=LINE('',#5305,#1186);
#836=LINE('',#5306,#1187);
#837=LINE('',#5312,#1188);
#838=LINE('',#5315,#1189);
#839=LINE('',#5317,#1190);
#840=LINE('',#5318,#1191);
#841=LINE('',#5324,#1192);
#842=LINE('',#5327,#1193);
#843=LINE('',#5329,#1194);
#844=LINE('',#5330,#1195);
#845=LINE('',#5336,#1196);
#846=LINE('',#5339,#1197);
#847=LINE('',#5341,#1198);
#848=LINE('',#5342,#1199);
#849=LINE('',#5348,#1200);
#850=LINE('',#5376,#1201);
#851=LINE('',#5378,#1202);
#852=LINE('',#5380,#1203);
#853=LINE('',#5382,#1204);
#854=LINE('',#5384,#1205);
#855=LINE('',#5386,#1206);
#856=LINE('',#5388,#1207);
#857=LINE('',#5390,#1208);
#858=LINE('',#5392,#1209);
#859=LINE('',#5393,#1210);
#860=LINE('',#5396,#1211);
#861=LINE('',#5398,#1212);
#862=LINE('',#5399,#1213);
#863=LINE('',#5402,#1214);
#864=LINE('',#5406,#1215);
#865=LINE('',#5410,#1216);
#866=LINE('',#5412,#1217);
#867=LINE('',#5416,#1218);
#868=LINE('',#5420,#1219);
#869=LINE('',#5427,#1220);
#870=LINE('',#5428,#1221);
#871=LINE('',#5432,#1222);
#872=LINE('',#5433,#1223);
#873=LINE('',#5435,#1224);
#874=LINE('',#5437,#1225);
#875=LINE('',#5439,#1226);
#876=LINE('',#5443,#1227);
#877=LINE('',#5447,#1228);
#878=LINE('',#5451,#1229);
#879=LINE('',#5455,#1230);
#880=LINE('',#5458,#1231);
#881=LINE('',#5460,#1232);
#882=LINE('',#5463,#1233);
#883=LINE('',#5465,#1234);
#884=LINE('',#5466,#1235);
#885=LINE('',#5470,#1236);
#886=LINE('',#5471,#1237);
#887=LINE('',#5472,#1238);
#888=LINE('',#5475,#1239);
#889=LINE('',#5479,#1240);
#890=LINE('',#5483,#1241);
#891=LINE('',#5487,#1242);
#892=LINE('',#5491,#1243);
#893=LINE('',#5495,#1244);
#894=LINE('',#5501,#1245);
#895=LINE('',#5502,#1246);
#896=LINE('',#5505,#1247);
#897=LINE('',#5506,#1248);
#898=LINE('',#5510,#1249);
#899=LINE('',#5515,#1250);
#900=LINE('',#5516,#1251);
#901=LINE('',#5519,#1252);
#902=LINE('',#5520,#1253);
#903=LINE('',#5524,#1254);
#904=LINE('',#5527,#1255);
#905=LINE('',#5528,#1256);
#906=LINE('',#5532,#1257);
#907=LINE('',#5535,#1258);
#908=LINE('',#5536,#1259);
#909=LINE('',#5539,#1260);
#910=LINE('',#5541,#1261);
#911=LINE('',#5542,#1262);
#912=LINE('',#5543,#1263);
#913=LINE('',#5546,#1264);
#914=LINE('',#5550,#1265);
#915=LINE('',#5554,#1266);
#916=LINE('',#5556,#1267);
#917=LINE('',#5557,#1268);
#918=LINE('',#5560,#1269);
#919=LINE('',#5561,#1270);
#920=LINE('',#5564,#1271);
#921=LINE('',#5565,#1272);
#922=LINE('',#5568,#1273);
#923=LINE('',#5569,#1274);
#924=LINE('',#5572,#1275);
#925=LINE('',#5573,#1276);
#926=LINE('',#5576,#1277);
#927=LINE('',#5577,#1278);
#928=LINE('',#5580,#1279);
#929=LINE('',#5581,#1280);
#930=LINE('',#5584,#1281);
#931=LINE('',#5585,#1282);
#932=LINE('',#5588,#1283);
#933=LINE('',#5589,#1284);
#934=LINE('',#5591,#1285);
#935=LINE('',#5593,#1286);
#936=LINE('',#5596,#1287);
#937=LINE('',#5598,#1288);
#938=LINE('',#5600,#1289);
#939=LINE('',#5601,#1290);
#940=LINE('',#5605,#1291);
#941=LINE('',#5606,#1292);
#942=LINE('',#5607,#1293);
#943=LINE('',#5611,#1294);
#944=LINE('',#5614,#1295);
#945=LINE('',#5615,#1296);
#946=LINE('',#5618,#1297);
#947=LINE('',#5620,#1298);
#948=LINE('',#5622,#1299);
#949=LINE('',#5623,#1300);
#950=LINE('',#5626,#1301);
#951=LINE('',#5627,#1302);
#952=LINE('',#5628,#1303);
#953=LINE('',#5631,#1304);
#954=LINE('',#5632,#1305);
#955=LINE('',#5636,#1306);
#956=LINE('',#5639,#1307);
#957=LINE('',#5640,#1308);
#958=LINE('',#5644,#1309);
#959=LINE('',#5647,#1310);
#960=LINE('',#5648,#1311);
#961=LINE('',#5652,#1312);
#962=LINE('',#5655,#1313);
#963=LINE('',#5656,#1314);
#964=LINE('',#5662,#1315);
#965=LINE('',#5665,#1316);
#966=LINE('',#5667,#1317);
#967=LINE('',#5668,#1318);
#968=LINE('',#5671,#1319);
#969=LINE('',#5672,#1320);
#970=LINE('',#5675,#1321);
#971=LINE('',#5676,#1322);
#972=LINE('',#5678,#1323);
#973=LINE('',#5681,#1324);
#974=LINE('',#5683,#1325);
#975=LINE('',#5684,#1326);
#976=LINE('',#5687,#1327);
#977=LINE('',#5688,#1328);
#978=LINE('',#5691,#1329);
#979=LINE('',#5692,#1330);
#980=LINE('',#5694,#1331);
#981=LINE('',#5700,#1332);
#982=LINE('',#5704,#1333);
#983=LINE('',#5706,#1334);
#984=LINE('',#5710,#1335);
#985=LINE('',#5714,#1336);
#986=LINE('',#5717,#1337);
#987=LINE('',#5730,#1338);
#988=LINE('',#5731,#1339);
#989=LINE('',#5732,#1340);
#990=LINE('',#5736,#1341);
#991=LINE('',#5739,#1342);
#992=LINE('',#5740,#1343);
#993=LINE('',#5743,#1344);
#994=LINE('',#5744,#1345);
#995=LINE('',#5748,#1346);
#996=LINE('',#5751,#1347);
#997=LINE('',#5752,#1348);
#998=LINE('',#5756,#1349);
#999=LINE('',#5759,#1350);
#1000=LINE('',#5760,#1351);
#1001=LINE('',#5764,#1352);
#1002=LINE('',#5767,#1353);
#1003=LINE('',#5768,#1354);
#1004=LINE('',#5774,#1355);
#1005=LINE('',#5778,#1356);
#1006=LINE('',#5782,#1357);
#1007=LINE('',#5788,#1358);
#1008=LINE('',#5790,#1359);
#1009=LINE('',#5792,#1360);
#1010=LINE('',#5793,#1361);
#1011=LINE('',#5796,#1362);
#1012=LINE('',#5798,#1363);
#1013=LINE('',#5799,#1364);
#1014=LINE('',#5802,#1365);
#1015=LINE('',#5804,#1366);
#1016=LINE('',#5805,#1367);
#1017=LINE('',#5808,#1368);
#1018=LINE('',#5810,#1369);
#1019=LINE('',#5811,#1370);
#1020=LINE('',#5814,#1371);
#1021=LINE('',#5816,#1372);
#1022=LINE('',#5817,#1373);
#1023=LINE('',#5820,#1374);
#1024=LINE('',#5822,#1375);
#1025=LINE('',#5824,#1376);
#1026=LINE('',#5826,#1377);
#1027=LINE('',#5828,#1378);
#1028=LINE('',#5830,#1379);
#1029=LINE('',#5831,#1380);
#1030=LINE('',#5834,#1381);
#1031=LINE('',#5836,#1382);
#1032=LINE('',#5837,#1383);
#1033=LINE('',#5840,#1384);
#1034=LINE('',#5841,#1385);
#1035=LINE('',#5844,#1386);
#1036=LINE('',#5845,#1387);
#1037=LINE('',#5848,#1388);
#1038=LINE('',#5849,#1389);
#1039=LINE('',#5852,#1390);
#1040=LINE('',#5853,#1391);
#1041=LINE('',#5856,#1392);
#1042=LINE('',#5858,#1393);
#1043=LINE('',#5859,#1394);
#1044=LINE('',#5862,#1395);
#1045=LINE('',#5864,#1396);
#1046=LINE('',#5865,#1397);
#1047=LINE('',#5867,#1398);
#1048=LINE('',#5868,#1399);
#1049=VECTOR('',#3855,10.);
#1050=VECTOR('',#3856,10.);
#1051=VECTOR('',#3857,10.);
#1052=VECTOR('',#3858,10.);
#1053=VECTOR('',#3863,10.);
#1054=VECTOR('',#3868,10.);
#1055=VECTOR('',#3869,10.);
#1056=VECTOR('',#3870,10.);
#1057=VECTOR('',#3875,10.);
#1058=VECTOR('',#3880,10.);
#1059=VECTOR('',#3881,10.);
#1060=VECTOR('',#3882,10.);
#1061=VECTOR('',#3889,10.);
#1062=VECTOR('',#3892,10.);
#1063=VECTOR('',#3893,10.);
#1064=VECTOR('',#3894,10.);
#1065=VECTOR('',#3901,10.);
#1066=VECTOR('',#3904,10.);
#1067=VECTOR('',#3905,10.);
#1068=VECTOR('',#3906,10.);
#1069=VECTOR('',#3913,10.);
#1070=VECTOR('',#3916,10.);
#1071=VECTOR('',#3917,10.);
#1072=VECTOR('',#3920,10.);
#1073=VECTOR('',#3921,10.);
#1074=VECTOR('',#3922,10.);
#1075=VECTOR('',#3923,10.);
#1076=VECTOR('',#3930,10.);
#1077=VECTOR('',#3933,10.);
#1078=VECTOR('',#3934,10.);
#1079=VECTOR('',#3935,10.);
#1080=VECTOR('',#3942,10.);
#1081=VECTOR('',#3945,10.);
#1082=VECTOR('',#3946,10.);
#1083=VECTOR('',#3947,10.);
#1084=VECTOR('',#3954,10.);
#1085=VECTOR('',#3957,10.);
#1086=VECTOR('',#3958,10.);
#1087=VECTOR('',#3959,10.);
#1088=VECTOR('',#3966,10.);
#1089=VECTOR('',#3969,10.);
#1090=VECTOR('',#3970,10.);
#1091=VECTOR('',#3971,10.);
#1092=VECTOR('',#3978,10.);
#1093=VECTOR('',#3981,10.);
#1094=VECTOR('',#3982,10.);
#1095=VECTOR('',#3987,10.);
#1096=VECTOR('',#3988,10.);
#1097=VECTOR('',#3991,10.);
#1098=VECTOR('',#3994,10.);
#1099=VECTOR('',#3997,10.);
#1100=VECTOR('',#4000,10.);
#1101=VECTOR('',#4005,10.);
#1102=VECTOR('',#4008,10.);
#1103=VECTOR('',#4011,10.);
#1104=VECTOR('',#4012,10.);
#1105=VECTOR('',#4015,10.);
#1106=VECTOR('',#4020,10.);
#1107=VECTOR('',#4021,10.);
#1108=VECTOR('',#4024,10.);
#1109=VECTOR('',#4029,10.);
#1110=VECTOR('',#4030,10.);
#1111=VECTOR('',#4033,10.);
#1112=VECTOR('',#4034,10.);
#1113=VECTOR('',#4035,10.);
#1114=VECTOR('',#4036,10.);
#1115=VECTOR('',#4041,10.);
#1116=VECTOR('',#4046,10.);
#1117=VECTOR('',#4047,10.);
#1118=VECTOR('',#4048,10.);
#1119=VECTOR('',#4053,10.);
#1120=VECTOR('',#4058,10.);
#1121=VECTOR('',#4059,10.);
#1122=VECTOR('',#4060,10.);
#1123=VECTOR('',#4067,10.);
#1124=VECTOR('',#4070,10.);
#1125=VECTOR('',#4071,10.);
#1126=VECTOR('',#4072,10.);
#1127=VECTOR('',#4079,10.);
#1128=VECTOR('',#4082,10.);
#1129=VECTOR('',#4083,10.);
#1130=VECTOR('',#4084,10.);
#1131=VECTOR('',#4091,10.);
#1132=VECTOR('',#4094,10.);
#1133=VECTOR('',#4095,10.);
#1134=VECTOR('',#4098,10.);
#1135=VECTOR('',#4099,10.);
#1136=VECTOR('',#4104,10.);
#1137=VECTOR('',#4107,10.);
#1138=VECTOR('',#4108,10.);
#1139=VECTOR('',#4113,10.);
#1140=VECTOR('',#4116,10.);
#1141=VECTOR('',#4121,10.);
#1142=VECTOR('',#4122,10.);
#1143=VECTOR('',#4123,10.);
#1144=VECTOR('',#4124,10.);
#1145=VECTOR('',#4127,10.);
#1146=VECTOR('',#4128,10.);
#1147=VECTOR('',#4129,10.);
#1148=VECTOR('',#4132,10.);
#1149=VECTOR('',#4133,10.);
#1150=VECTOR('',#4134,10.);
#1151=VECTOR('',#4137,10.);
#1152=VECTOR('',#4138,10.);
#1153=VECTOR('',#4143,8.00000000000001);
#1154=VECTOR('',#4148,10.);
#1155=VECTOR('',#4149,10.);
#1156=VECTOR('',#4150,10.);
#1157=VECTOR('',#4151,10.);
#1158=VECTOR('',#4154,10.);
#1159=VECTOR('',#4155,10.);
#1160=VECTOR('',#4156,10.);
#1161=VECTOR('',#4159,10.);
#1162=VECTOR('',#4160,10.);
#1163=VECTOR('',#4161,10.);
#1164=VECTOR('',#4164,10.);
#1165=VECTOR('',#4165,10.);
#1166=VECTOR('',#4170,8.00000000000001);
#1167=VECTOR('',#4181,12.5);
#1168=VECTOR('',#4188,13.5);
#1169=VECTOR('',#4199,12.5);
#1170=VECTOR('',#4206,13.5);
#1171=VECTOR('',#4217,12.5);
#1172=VECTOR('',#4224,13.5);
#1173=VECTOR('',#4235,12.5);
#1174=VECTOR('',#4242,13.5);
#1175=VECTOR('',#4253,12.5);
#1176=VECTOR('',#4260,13.5);
#1177=VECTOR('',#4271,12.5);
#1178=VECTOR('',#4278,13.5);
#1179=VECTOR('',#4289,3.50000000000001);
#1180=VECTOR('',#4294,10.);
#1181=VECTOR('',#4295,10.);
#1182=VECTOR('',#4296,10.);
#1183=VECTOR('',#4297,10.);
#1184=VECTOR('',#4304,10.);
#1185=VECTOR('',#4307,10.);
#1186=VECTOR('',#4308,10.);
#1187=VECTOR('',#4309,10.);
#1188=VECTOR('',#4316,10.);
#1189=VECTOR('',#4319,10.);
#1190=VECTOR('',#4320,10.);
#1191=VECTOR('',#4321,10.);
#1192=VECTOR('',#4328,10.);
#1193=VECTOR('',#4331,10.);
#1194=VECTOR('',#4332,10.);
#1195=VECTOR('',#4333,10.);
#1196=VECTOR('',#4340,10.);
#1197=VECTOR('',#4343,10.);
#1198=VECTOR('',#4344,10.);
#1199=VECTOR('',#4345,10.);
#1200=VECTOR('',#4352,10.);
#1201=VECTOR('',#4387,10.);
#1202=VECTOR('',#4388,10.);
#1203=VECTOR('',#4389,10.);
#1204=VECTOR('',#4390,10.);
#1205=VECTOR('',#4391,10.);
#1206=VECTOR('',#4392,10.);
#1207=VECTOR('',#4393,10.);
#1208=VECTOR('',#4394,10.);
#1209=VECTOR('',#4395,10.);
#1210=VECTOR('',#4396,10.);
#1211=VECTOR('',#4399,10.);
#1212=VECTOR('',#4400,10.);
#1213=VECTOR('',#4401,10.);
#1214=VECTOR('',#4402,10.);
#1215=VECTOR('',#4405,10.);
#1216=VECTOR('',#4408,10.);
#1217=VECTOR('',#4409,10.);
#1218=VECTOR('',#4412,10.);
#1219=VECTOR('',#4415,10.);
#1220=VECTOR('',#4424,10.);
#1221=VECTOR('',#4425,10.);
#1222=VECTOR('',#4428,10.);
#1223=VECTOR('',#4429,10.);
#1224=VECTOR('',#4430,10.);
#1225=VECTOR('',#4431,10.);
#1226=VECTOR('',#4432,10.);
#1227=VECTOR('',#4435,10.);
#1228=VECTOR('',#4438,10.);
#1229=VECTOR('',#4441,10.);
#1230=VECTOR('',#4444,10.);
#1231=VECTOR('',#4447,10.);
#1232=VECTOR('',#4450,10.);
#1233=VECTOR('',#4453,10.);
#1234=VECTOR('',#4454,10.);
#1235=VECTOR('',#4455,10.);
#1236=VECTOR('',#4458,10.);
#1237=VECTOR('',#4459,10.);
#1238=VECTOR('',#4460,10.);
#1239=VECTOR('',#4463,5.);
#1240=VECTOR('',#4468,5.);
#1241=VECTOR('',#4473,2.5);
#1242=VECTOR('',#4478,2.5);
#1243=VECTOR('',#4483,2.5);
#1244=VECTOR('',#4488,2.5);
#1245=VECTOR('',#4495,10.);
#1246=VECTOR('',#4496,10.);
#1247=VECTOR('',#4499,10.);
#1248=VECTOR('',#4500,10.);
#1249=VECTOR('',#4505,10.);
#1250=VECTOR('',#4510,10.);
#1251=VECTOR('',#4511,10.);
#1252=VECTOR('',#4514,10.);
#1253=VECTOR('',#4515,10.);
#1254=VECTOR('',#4520,10.);
#1255=VECTOR('',#4523,10.);
#1256=VECTOR('',#4524,10.);
#1257=VECTOR('',#4529,10.);
#1258=VECTOR('',#4532,10.);
#1259=VECTOR('',#4533,10.);
#1260=VECTOR('',#4536,10.);
#1261=VECTOR('',#4537,10.);
#1262=VECTOR('',#4538,10.);
#1263=VECTOR('',#4539,10.);
#1264=VECTOR('',#4542,5.00000007450581);
#1265=VECTOR('',#4547,5.00000007450581);
#1266=VECTOR('',#4552,10.);
#1267=VECTOR('',#4553,10.);
#1268=VECTOR('',#4554,10.);
#1269=VECTOR('',#4557,10.);
#1270=VECTOR('',#4558,10.);
#1271=VECTOR('',#4561,10.);
#1272=VECTOR('',#4562,10.);
#1273=VECTOR('',#4565,10.);
#1274=VECTOR('',#4566,10.);
#1275=VECTOR('',#4569,10.);
#1276=VECTOR('',#4570,10.);
#1277=VECTOR('',#4573,10.);
#1278=VECTOR('',#4574,10.);
#1279=VECTOR('',#4577,10.);
#1280=VECTOR('',#4578,10.);
#1281=VECTOR('',#4581,10.);
#1282=VECTOR('',#4582,10.);
#1283=VECTOR('',#4585,10.);
#1284=VECTOR('',#4586,10.);
#1285=VECTOR('',#4589,10.);
#1286=VECTOR('',#4592,10.);
#1287=VECTOR('',#4593,10.);
#1288=VECTOR('',#4594,10.);
#1289=VECTOR('',#4595,10.);
#1290=VECTOR('',#4596,10.);
#1291=VECTOR('',#4599,10.);
#1292=VECTOR('',#4600,10.);
#1293=VECTOR('',#4601,10.);
#1294=VECTOR('',#4606,10.);
#1295=VECTOR('',#4609,10.);
#1296=VECTOR('',#4610,10.);
#1297=VECTOR('',#4613,10.);
#1298=VECTOR('',#4614,10.);
#1299=VECTOR('',#4615,10.);
#1300=VECTOR('',#4616,10.);
#1301=VECTOR('',#4619,10.);
#1302=VECTOR('',#4620,10.);
#1303=VECTOR('',#4621,10.);
#1304=VECTOR('',#4624,10.);
#1305=VECTOR('',#4625,10.);
#1306=VECTOR('',#4630,10.);
#1307=VECTOR('',#4633,10.);
#1308=VECTOR('',#4634,10.);
#1309=VECTOR('',#4639,10.);
#1310=VECTOR('',#4642,10.);
#1311=VECTOR('',#4643,10.);
#1312=VECTOR('',#4648,10.);
#1313=VECTOR('',#4651,10.);
#1314=VECTOR('',#4652,10.);
#1315=VECTOR('',#4661,3.49999999999998);
#1316=VECTOR('',#4664,10.);
#1317=VECTOR('',#4665,10.);
#1318=VECTOR('',#4666,10.);
#1319=VECTOR('',#4669,10.);
#1320=VECTOR('',#4670,10.);
#1321=VECTOR('',#4673,10.);
#1322=VECTOR('',#4674,10.);
#1323=VECTOR('',#4677,10.);
#1324=VECTOR('',#4680,10.);
#1325=VECTOR('',#4681,10.);
#1326=VECTOR('',#4682,10.);
#1327=VECTOR('',#4685,10.);
#1328=VECTOR('',#4686,10.);
#1329=VECTOR('',#4689,10.);
#1330=VECTOR('',#4690,10.);
#1331=VECTOR('',#4693,10.);
#1332=VECTOR('',#4698,10.);
#1333=VECTOR('',#4701,10.);
#1334=VECTOR('',#4702,10.);
#1335=VECTOR('',#4705,10.);
#1336=VECTOR('',#4708,10.);
#1337=VECTOR('',#4711,10.);
#1338=VECTOR('',#4726,10.);
#1339=VECTOR('',#4727,10.);
#1340=VECTOR('',#4728,10.);
#1341=VECTOR('',#4733,10.);
#1342=VECTOR('',#4736,10.);
#1343=VECTOR('',#4737,10.);
#1344=VECTOR('',#4740,10.);
#1345=VECTOR('',#4741,10.);
#1346=VECTOR('',#4746,10.);
#1347=VECTOR('',#4749,10.);
#1348=VECTOR('',#4750,10.);
#1349=VECTOR('',#4755,10.);
#1350=VECTOR('',#4758,10.);
#1351=VECTOR('',#4759,10.);
#1352=VECTOR('',#4764,10.);
#1353=VECTOR('',#4767,10.);
#1354=VECTOR('',#4768,10.);
#1355=VECTOR('',#4777,4.49999999999999);
#1356=VECTOR('',#4782,3.50000000000001);
#1357=VECTOR('',#4787,3.50000000000001);
#1358=VECTOR('',#4794,10.);
#1359=VECTOR('',#4795,10.);
#1360=VECTOR('',#4796,10.);
#1361=VECTOR('',#4797,10.);
#1362=VECTOR('',#4800,10.);
#1363=VECTOR('',#4801,10.);
#1364=VECTOR('',#4802,10.);
#1365=VECTOR('',#4805,10.);
#1366=VECTOR('',#4806,10.);
#1367=VECTOR('',#4807,10.);
#1368=VECTOR('',#4810,10.);
#1369=VECTOR('',#4811,10.);
#1370=VECTOR('',#4812,10.);
#1371=VECTOR('',#4815,10.);
#1372=VECTOR('',#4816,10.);
#1373=VECTOR('',#4817,10.);
#1374=VECTOR('',#4820,10.);
#1375=VECTOR('',#4821,10.);
#1376=VECTOR('',#4822,10.);
#1377=VECTOR('',#4823,10.);
#1378=VECTOR('',#4824,10.);
#1379=VECTOR('',#4825,10.);
#1380=VECTOR('',#4826,10.);
#1381=VECTOR('',#4829,10.);
#1382=VECTOR('',#4830,10.);
#1383=VECTOR('',#4831,10.);
#1384=VECTOR('',#4834,10.);
#1385=VECTOR('',#4835,10.);
#1386=VECTOR('',#4838,10.);
#1387=VECTOR('',#4839,10.);
#1388=VECTOR('',#4842,10.);
#1389=VECTOR('',#4843,10.);
#1390=VECTOR('',#4846,10.);
#1391=VECTOR('',#4847,10.);
#1392=VECTOR('',#4850,10.);
#1393=VECTOR('',#4851,10.);
#1394=VECTOR('',#4852,10.);
#1395=VECTOR('',#4855,10.);
#1396=VECTOR('',#4856,10.);
#1397=VECTOR('',#4857,10.);
#1398=VECTOR('',#4860,10.);
#1399=VECTOR('',#4861,10.);
#1400=VERTEX_POINT('',#4868);
#1401=VERTEX_POINT('',#4869);
#1402=VERTEX_POINT('',#4871);
#1403=VERTEX_POINT('',#4873);
#1404=VERTEX_POINT('',#4877);
#1405=VERTEX_POINT('',#4879);
#1406=VERTEX_POINT('',#4883);
#1407=VERTEX_POINT('',#4885);
#1408=VERTEX_POINT('',#4889);
#1409=VERTEX_POINT('',#4891);
#1410=VERTEX_POINT('',#4895);
#1411=VERTEX_POINT('',#4897);
#1412=VERTEX_POINT('',#4901);
#1413=VERTEX_POINT('',#4903);
#1414=VERTEX_POINT('',#4907);
#1415=VERTEX_POINT('',#4909);
#1416=VERTEX_POINT('',#4913);
#1417=VERTEX_POINT('',#4915);
#1418=VERTEX_POINT('',#4919);
#1419=VERTEX_POINT('',#4921);
#1420=VERTEX_POINT('',#4925);
#1421=VERTEX_POINT('',#4927);
#1422=VERTEX_POINT('',#4934);
#1423=VERTEX_POINT('',#4935);
#1424=VERTEX_POINT('',#4937);
#1425=VERTEX_POINT('',#4939);
#1426=VERTEX_POINT('',#4943);
#1427=VERTEX_POINT('',#4945);
#1428=VERTEX_POINT('',#4949);
#1429=VERTEX_POINT('',#4951);
#1430=VERTEX_POINT('',#4955);
#1431=VERTEX_POINT('',#4957);
#1432=VERTEX_POINT('',#4961);
#1433=VERTEX_POINT('',#4963);
#1434=VERTEX_POINT('',#4967);
#1435=VERTEX_POINT('',#4969);
#1436=VERTEX_POINT('',#4973);
#1437=VERTEX_POINT('',#4975);
#1438=VERTEX_POINT('',#4979);
#1439=VERTEX_POINT('',#4981);
#1440=VERTEX_POINT('',#4985);
#1441=VERTEX_POINT('',#4987);
#1442=VERTEX_POINT('',#4991);
#1443=VERTEX_POINT('',#4993);
#1444=VERTEX_POINT('',#5001);
#1445=VERTEX_POINT('',#5002);
#1446=VERTEX_POINT('',#5004);
#1447=VERTEX_POINT('',#5006);
#1448=VERTEX_POINT('',#5008);
#1449=VERTEX_POINT('',#5010);
#1450=VERTEX_POINT('',#5012);
#1451=VERTEX_POINT('',#5014);
#1452=VERTEX_POINT('',#5016);
#1453=VERTEX_POINT('',#5018);
#1454=VERTEX_POINT('',#5020);
#1455=VERTEX_POINT('',#5024);
#1456=VERTEX_POINT('',#5026);
#1457=VERTEX_POINT('',#5030);
#1458=VERTEX_POINT('',#5034);
#1459=VERTEX_POINT('',#5038);
#1460=VERTEX_POINT('',#5042);
#1461=VERTEX_POINT('',#5046);
#1462=VERTEX_POINT('',#5050);
#1463=VERTEX_POINT('',#5051);
#1464=VERTEX_POINT('',#5053);
#1465=VERTEX_POINT('',#5055);
#1466=VERTEX_POINT('',#5059);
#1467=VERTEX_POINT('',#5061);
#1468=VERTEX_POINT('',#5065);
#1469=VERTEX_POINT('',#5067);
#1470=VERTEX_POINT('',#5071);
#1471=VERTEX_POINT('',#5073);
#1472=VERTEX_POINT('',#5077);
#1473=VERTEX_POINT('',#5079);
#1474=VERTEX_POINT('',#5083);
#1475=VERTEX_POINT('',#5085);
#1476=VERTEX_POINT('',#5089);
#1477=VERTEX_POINT('',#5091);
#1478=VERTEX_POINT('',#5095);
#1479=VERTEX_POINT('',#5097);
#1480=VERTEX_POINT('',#5101);
#1481=VERTEX_POINT('',#5103);
#1482=VERTEX_POINT('',#5107);
#1483=VERTEX_POINT('',#5109);
#1484=VERTEX_POINT('',#5116);
#1485=VERTEX_POINT('',#5120);
#1486=VERTEX_POINT('',#5124);
#1487=VERTEX_POINT('',#5128);
#1488=VERTEX_POINT('',#5135);
#1489=VERTEX_POINT('',#5136);
#1490=VERTEX_POINT('',#5138);
#1491=VERTEX_POINT('',#5140);
#1492=VERTEX_POINT('',#5144);
#1493=VERTEX_POINT('',#5146);
#1494=VERTEX_POINT('',#5150);
#1495=VERTEX_POINT('',#5152);
#1496=VERTEX_POINT('',#5159);
#1497=VERTEX_POINT('',#5161);
#1498=VERTEX_POINT('',#5165);
#1499=VERTEX_POINT('',#5166);
#1500=VERTEX_POINT('',#5168);
#1501=VERTEX_POINT('',#5170);
#1502=VERTEX_POINT('',#5174);
#1503=VERTEX_POINT('',#5176);
#1504=VERTEX_POINT('',#5180);
#1505=VERTEX_POINT('',#5182);
#1506=VERTEX_POINT('',#5189);
#1507=VERTEX_POINT('',#5191);
#1508=VERTEX_POINT('',#5197);
#1509=VERTEX_POINT('',#5199);
#1510=VERTEX_POINT('',#5203);
#1511=VERTEX_POINT('',#5205);
#1512=VERTEX_POINT('',#5211);
#1513=VERTEX_POINT('',#5213);
#1514=VERTEX_POINT('',#5217);
#1515=VERTEX_POINT('',#5219);
#1516=VERTEX_POINT('',#5225);
#1517=VERTEX_POINT('',#5227);
#1518=VERTEX_POINT('',#5231);
#1519=VERTEX_POINT('',#5233);
#1520=VERTEX_POINT('',#5239);
#1521=VERTEX_POINT('',#5241);
#1522=VERTEX_POINT('',#5245);
#1523=VERTEX_POINT('',#5247);
#1524=VERTEX_POINT('',#5253);
#1525=VERTEX_POINT('',#5255);
#1526=VERTEX_POINT('',#5259);
#1527=VERTEX_POINT('',#5261);
#1528=VERTEX_POINT('',#5267);
#1529=VERTEX_POINT('',#5269);
#1530=VERTEX_POINT('',#5273);
#1531=VERTEX_POINT('',#5275);
#1532=VERTEX_POINT('',#5281);
#1533=VERTEX_POINT('',#5283);
#1534=VERTEX_POINT('',#5287);
#1535=VERTEX_POINT('',#5288);
#1536=VERTEX_POINT('',#5290);
#1537=VERTEX_POINT('',#5292);
#1538=VERTEX_POINT('',#5296);
#1539=VERTEX_POINT('',#5298);
#1540=VERTEX_POINT('',#5302);
#1541=VERTEX_POINT('',#5304);
#1542=VERTEX_POINT('',#5308);
#1543=VERTEX_POINT('',#5310);
#1544=VERTEX_POINT('',#5314);
#1545=VERTEX_POINT('',#5316);
#1546=VERTEX_POINT('',#5320);
#1547=VERTEX_POINT('',#5322);
#1548=VERTEX_POINT('',#5326);
#1549=VERTEX_POINT('',#5328);
#1550=VERTEX_POINT('',#5332);
#1551=VERTEX_POINT('',#5334);
#1552=VERTEX_POINT('',#5338);
#1553=VERTEX_POINT('',#5340);
#1554=VERTEX_POINT('',#5344);
#1555=VERTEX_POINT('',#5346);
#1556=VERTEX_POINT('',#5350);
#1557=VERTEX_POINT('',#5353);
#1558=VERTEX_POINT('',#5356);
#1559=VERTEX_POINT('',#5359);
#1560=VERTEX_POINT('',#5362);
#1561=VERTEX_POINT('',#5365);
#1562=VERTEX_POINT('',#5368);
#1563=VERTEX_POINT('',#5371);
#1564=VERTEX_POINT('',#5374);
#1565=VERTEX_POINT('',#5375);
#1566=VERTEX_POINT('',#5377);
#1567=VERTEX_POINT('',#5379);
#1568=VERTEX_POINT('',#5381);
#1569=VERTEX_POINT('',#5383);
#1570=VERTEX_POINT('',#5385);
#1571=VERTEX_POINT('',#5387);
#1572=VERTEX_POINT('',#5389);
#1573=VERTEX_POINT('',#5391);
#1574=VERTEX_POINT('',#5395);
#1575=VERTEX_POINT('',#5397);
#1576=VERTEX_POINT('',#5400);
#1577=VERTEX_POINT('',#5401);
#1578=VERTEX_POINT('',#5403);
#1579=VERTEX_POINT('',#5405);
#1580=VERTEX_POINT('',#5407);
#1581=VERTEX_POINT('',#5409);
#1582=VERTEX_POINT('',#5411);
#1583=VERTEX_POINT('',#5413);
#1584=VERTEX_POINT('',#5415);
#1585=VERTEX_POINT('',#5417);
#1586=VERTEX_POINT('',#5419);
#1587=VERTEX_POINT('',#5423);
#1588=VERTEX_POINT('',#5426);
#1589=VERTEX_POINT('',#5430);
#1590=VERTEX_POINT('',#5431);
#1591=VERTEX_POINT('',#5434);
#1592=VERTEX_POINT('',#5436);
#1593=VERTEX_POINT('',#5438);
#1594=VERTEX_POINT('',#5440);
#1595=VERTEX_POINT('',#5442);
#1596=VERTEX_POINT('',#5444);
#1597=VERTEX_POINT('',#5446);
#1598=VERTEX_POINT('',#5448);
#1599=VERTEX_POINT('',#5450);
#1600=VERTEX_POINT('',#5452);
#1601=VERTEX_POINT('',#5454);
#1602=VERTEX_POINT('',#5456);
#1603=VERTEX_POINT('',#5462);
#1604=VERTEX_POINT('',#5464);
#1605=VERTEX_POINT('',#5468);
#1606=VERTEX_POINT('',#5469);
#1607=VERTEX_POINT('',#5474);
#1608=VERTEX_POINT('',#5478);
#1609=VERTEX_POINT('',#5482);
#1610=VERTEX_POINT('',#5486);
#1611=VERTEX_POINT('',#5490);
#1612=VERTEX_POINT('',#5494);
#1613=VERTEX_POINT('',#5498);
#1614=VERTEX_POINT('',#5499);
#1615=VERTEX_POINT('',#5504);
#1616=VERTEX_POINT('',#5508);
#1617=VERTEX_POINT('',#5512);
#1618=VERTEX_POINT('',#5513);
#1619=VERTEX_POINT('',#5518);
#1620=VERTEX_POINT('',#5522);
#1621=VERTEX_POINT('',#5526);
#1622=VERTEX_POINT('',#5530);
#1623=VERTEX_POINT('',#5534);
#1624=VERTEX_POINT('',#5538);
#1625=VERTEX_POINT('',#5540);
#1626=VERTEX_POINT('',#5545);
#1627=VERTEX_POINT('',#5549);
#1628=VERTEX_POINT('',#5553);
#1629=VERTEX_POINT('',#5555);
#1630=VERTEX_POINT('',#5559);
#1631=VERTEX_POINT('',#5563);
#1632=VERTEX_POINT('',#5567);
#1633=VERTEX_POINT('',#5571);
#1634=VERTEX_POINT('',#5575);
#1635=VERTEX_POINT('',#5579);
#1636=VERTEX_POINT('',#5583);
#1637=VERTEX_POINT('',#5587);
#1638=VERTEX_POINT('',#5594);
#1639=VERTEX_POINT('',#5595);
#1640=VERTEX_POINT('',#5597);
#1641=VERTEX_POINT('',#5599);
#1642=VERTEX_POINT('',#5603);
#1643=VERTEX_POINT('',#5604);
#1644=VERTEX_POINT('',#5609);
#1645=VERTEX_POINT('',#5613);
#1646=VERTEX_POINT('',#5617);
#1647=VERTEX_POINT('',#5619);
#1648=VERTEX_POINT('',#5621);
#1649=VERTEX_POINT('',#5625);
#1650=VERTEX_POINT('',#5630);
#1651=VERTEX_POINT('',#5634);
#1652=VERTEX_POINT('',#5638);
#1653=VERTEX_POINT('',#5642);
#1654=VERTEX_POINT('',#5646);
#1655=VERTEX_POINT('',#5650);
#1656=VERTEX_POINT('',#5654);
#1657=VERTEX_POINT('',#5660);
#1658=VERTEX_POINT('',#5664);
#1659=VERTEX_POINT('',#5666);
#1660=VERTEX_POINT('',#5670);
#1661=VERTEX_POINT('',#5674);
#1662=VERTEX_POINT('',#5680);
#1663=VERTEX_POINT('',#5682);
#1664=VERTEX_POINT('',#5686);
#1665=VERTEX_POINT('',#5690);
#1666=VERTEX_POINT('',#5696);
#1667=VERTEX_POINT('',#5697);
#1668=VERTEX_POINT('',#5699);
#1669=VERTEX_POINT('',#5701);
#1670=VERTEX_POINT('',#5703);
#1671=VERTEX_POINT('',#5705);
#1672=VERTEX_POINT('',#5707);
#1673=VERTEX_POINT('',#5709);
#1674=VERTEX_POINT('',#5711);
#1675=VERTEX_POINT('',#5713);
#1676=VERTEX_POINT('',#5715);
#1677=VERTEX_POINT('',#5719);
#1678=VERTEX_POINT('',#5722);
#1679=VERTEX_POINT('',#5725);
#1680=VERTEX_POINT('',#5728);
#1681=VERTEX_POINT('',#5729);
#1682=VERTEX_POINT('',#5734);
#1683=VERTEX_POINT('',#5738);
#1684=VERTEX_POINT('',#5742);
#1685=VERTEX_POINT('',#5746);
#1686=VERTEX_POINT('',#5750);
#1687=VERTEX_POINT('',#5754);
#1688=VERTEX_POINT('',#5758);
#1689=VERTEX_POINT('',#5762);
#1690=VERTEX_POINT('',#5766);
#1691=VERTEX_POINT('',#5772);
#1692=VERTEX_POINT('',#5776);
#1693=VERTEX_POINT('',#5780);
#1694=VERTEX_POINT('',#5786);
#1695=VERTEX_POINT('',#5787);
#1696=VERTEX_POINT('',#5789);
#1697=VERTEX_POINT('',#5791);
#1698=VERTEX_POINT('',#5795);
#1699=VERTEX_POINT('',#5797);
#1700=VERTEX_POINT('',#5801);
#1701=VERTEX_POINT('',#5803);
#1702=VERTEX_POINT('',#5807);
#1703=VERTEX_POINT('',#5809);
#1704=VERTEX_POINT('',#5813);
#1705=VERTEX_POINT('',#5815);
#1706=VERTEX_POINT('',#5819);
#1707=VERTEX_POINT('',#5821);
#1708=VERTEX_POINT('',#5823);
#1709=VERTEX_POINT('',#5825);
#1710=VERTEX_POINT('',#5827);
#1711=VERTEX_POINT('',#5829);
#1712=VERTEX_POINT('',#5833);
#1713=VERTEX_POINT('',#5835);
#1714=VERTEX_POINT('',#5839);
#1715=VERTEX_POINT('',#5843);
#1716=VERTEX_POINT('',#5847);
#1717=VERTEX_POINT('',#5851);
#1718=VERTEX_POINT('',#5855);
#1719=VERTEX_POINT('',#5857);
#1720=VERTEX_POINT('',#5861);
#1721=VERTEX_POINT('',#5863);
#1722=EDGE_CURVE('',#1400,#1401,#698,.T.);
#1723=EDGE_CURVE('',#1400,#1402,#699,.T.);
#1724=EDGE_CURVE('',#1403,#1402,#700,.T.);
#1725=EDGE_CURVE('',#1401,#1403,#701,.T.);
#1726=EDGE_CURVE('',#1404,#1400,#61,.T.);
#1727=EDGE_CURVE('',#1404,#1405,#702,.T.);
#1728=EDGE_CURVE('',#1402,#1405,#62,.T.);
#1729=EDGE_CURVE('',#1406,#1404,#703,.T.);
#1730=EDGE_CURVE('',#1406,#1407,#704,.T.);
#1731=EDGE_CURVE('',#1405,#1407,#705,.T.);
#1732=EDGE_CURVE('',#1408,#1406,#63,.T.);
#1733=EDGE_CURVE('',#1408,#1409,#706,.T.);
#1734=EDGE_CURVE('',#1407,#1409,#64,.T.);
#1735=EDGE_CURVE('',#1410,#1408,#707,.T.);
#1736=EDGE_CURVE('',#1410,#1411,#708,.T.);
#1737=EDGE_CURVE('',#1409,#1411,#709,.T.);
#1738=EDGE_CURVE('',#1401,#1412,#65,.T.);
#1739=EDGE_CURVE('',#1413,#1403,#66,.T.);
#1740=EDGE_CURVE('',#1412,#1413,#710,.T.);
#1741=EDGE_CURVE('',#1412,#1414,#711,.T.);
#1742=EDGE_CURVE('',#1415,#1413,#712,.T.);
#1743=EDGE_CURVE('',#1414,#1415,#713,.T.);
#1744=EDGE_CURVE('',#1414,#1416,#67,.T.);
#1745=EDGE_CURVE('',#1417,#1415,#68,.T.);
#1746=EDGE_CURVE('',#1416,#1417,#714,.T.);
#1747=EDGE_CURVE('',#1416,#1418,#715,.T.);
#1748=EDGE_CURVE('',#1419,#1417,#716,.T.);
#1749=EDGE_CURVE('',#1418,#1419,#717,.T.);
#1750=EDGE_CURVE('',#1418,#1420,#69,.T.);
#1751=EDGE_CURVE('',#1421,#1419,#70,.T.);
#1752=EDGE_CURVE('',#1420,#1421,#718,.T.);
#1753=EDGE_CURVE('',#1420,#1410,#719,.T.);
#1754=EDGE_CURVE('',#1411,#1421,#720,.T.);
#1755=EDGE_CURVE('',#1422,#1423,#721,.T.);
#1756=EDGE_CURVE('',#1423,#1424,#722,.T.);
#1757=EDGE_CURVE('',#1425,#1424,#723,.T.);
#1758=EDGE_CURVE('',#1422,#1425,#724,.T.);
#1759=EDGE_CURVE('',#1426,#1422,#71,.T.);
#1760=EDGE_CURVE('',#1427,#1425,#72,.T.);
#1761=EDGE_CURVE('',#1426,#1427,#725,.T.);
#1762=EDGE_CURVE('',#1428,#1426,#726,.T.);
#1763=EDGE_CURVE('',#1429,#1427,#727,.T.);
#1764=EDGE_CURVE('',#1428,#1429,#728,.T.);
#1765=EDGE_CURVE('',#1430,#1428,#73,.T.);
#1766=EDGE_CURVE('',#1431,#1429,#74,.T.);
#1767=EDGE_CURVE('',#1430,#1431,#729,.T.);
#1768=EDGE_CURVE('',#1432,#1430,#730,.T.);
#1769=EDGE_CURVE('',#1433,#1431,#731,.T.);
#1770=EDGE_CURVE('',#1432,#1433,#732,.T.);
#1771=EDGE_CURVE('',#1434,#1432,#75,.T.);
#1772=EDGE_CURVE('',#1435,#1433,#76,.T.);
#1773=EDGE_CURVE('',#1434,#1435,#733,.T.);
#1774=EDGE_CURVE('',#1436,#1434,#734,.T.);
#1775=EDGE_CURVE('',#1437,#1435,#735,.T.);
#1776=EDGE_CURVE('',#1436,#1437,#736,.T.);
#1777=EDGE_CURVE('',#1438,#1436,#77,.T.);
#1778=EDGE_CURVE('',#1439,#1437,#78,.T.);
#1779=EDGE_CURVE('',#1438,#1439,#737,.T.);
#1780=EDGE_CURVE('',#1440,#1438,#738,.T.);
#1781=EDGE_CURVE('',#1441,#1439,#739,.T.);
#1782=EDGE_CURVE('',#1440,#1441,#740,.T.);
#1783=EDGE_CURVE('',#1442,#1440,#79,.T.);
#1784=EDGE_CURVE('',#1443,#1441,#80,.T.);
#1785=EDGE_CURVE('',#1442,#1443,#741,.T.);
#1786=EDGE_CURVE('',#1423,#1442,#742,.T.);
#1787=EDGE_CURVE('',#1424,#1443,#743,.T.);
#1788=EDGE_CURVE('',#1444,#1445,#744,.T.);
#1789=EDGE_CURVE('',#1446,#1444,#745,.T.);
#1790=EDGE_CURVE('',#1447,#1446,#81,.T.);
#1791=EDGE_CURVE('',#1448,#1447,#746,.T.);
#1792=EDGE_CURVE('',#1449,#1448,#82,.T.);
#1793=EDGE_CURVE('',#1450,#1449,#747,.T.);
#1794=EDGE_CURVE('',#1451,#1450,#83,.T.);
#1795=EDGE_CURVE('',#1452,#1451,#748,.T.);
#1796=EDGE_CURVE('',#1453,#1452,#84,.T.);
#1797=EDGE_CURVE('',#1454,#1453,#749,.T.);
#1798=EDGE_CURVE('',#1445,#1454,#85,.T.);
#1799=EDGE_CURVE('',#1450,#1455,#750,.T.);
#1800=EDGE_CURVE('',#1456,#1455,#86,.T.);
#1801=EDGE_CURVE('',#1451,#1456,#751,.T.);
#1802=EDGE_CURVE('',#1449,#1457,#752,.T.);
#1803=EDGE_CURVE('',#1455,#1457,#753,.T.);
#1804=EDGE_CURVE('',#1448,#1458,#754,.T.);
#1805=EDGE_CURVE('',#1457,#1458,#87,.T.);
#1806=EDGE_CURVE('',#1447,#1459,#755,.T.);
#1807=EDGE_CURVE('',#1458,#1459,#756,.T.);
#1808=EDGE_CURVE('',#1446,#1460,#757,.T.);
#1809=EDGE_CURVE('',#1459,#1460,#88,.T.);
#1810=EDGE_CURVE('',#1444,#1461,#758,.T.);
#1811=EDGE_CURVE('',#1460,#1461,#759,.T.);
#1812=EDGE_CURVE('',#1462,#1463,#760,.T.);
#1813=EDGE_CURVE('',#1462,#1464,#761,.T.);
#1814=EDGE_CURVE('',#1465,#1464,#762,.T.);
#1815=EDGE_CURVE('',#1463,#1465,#763,.T.);
#1816=EDGE_CURVE('',#1466,#1462,#89,.T.);
#1817=EDGE_CURVE('',#1466,#1467,#764,.T.);
#1818=EDGE_CURVE('',#1464,#1467,#90,.T.);
#1819=EDGE_CURVE('',#1468,#1466,#765,.T.);
#1820=EDGE_CURVE('',#1468,#1469,#766,.T.);
#1821=EDGE_CURVE('',#1467,#1469,#767,.T.);
#1822=EDGE_CURVE('',#1470,#1468,#91,.T.);
#1823=EDGE_CURVE('',#1470,#1471,#768,.T.);
#1824=EDGE_CURVE('',#1469,#1471,#92,.T.);
#1825=EDGE_CURVE('',#1472,#1470,#769,.T.);
#1826=EDGE_CURVE('',#1472,#1473,#770,.T.);
#1827=EDGE_CURVE('',#1471,#1473,#771,.T.);
#1828=EDGE_CURVE('',#1463,#1474,#93,.T.);
#1829=EDGE_CURVE('',#1475,#1465,#94,.T.);
#1830=EDGE_CURVE('',#1474,#1475,#772,.T.);
#1831=EDGE_CURVE('',#1474,#1476,#773,.T.);
#1832=EDGE_CURVE('',#1477,#1475,#774,.T.);
#1833=EDGE_CURVE('',#1476,#1477,#775,.T.);
#1834=EDGE_CURVE('',#1476,#1478,#95,.T.);
#1835=EDGE_CURVE('',#1479,#1477,#96,.T.);
#1836=EDGE_CURVE('',#1478,#1479,#776,.T.);
#1837=EDGE_CURVE('',#1478,#1480,#777,.T.);
#1838=EDGE_CURVE('',#1481,#1479,#778,.T.);
#1839=EDGE_CURVE('',#1480,#1481,#779,.T.);
#1840=EDGE_CURVE('',#1480,#1482,#97,.T.);
#1841=EDGE_CURVE('',#1483,#1481,#98,.T.);
#1842=EDGE_CURVE('',#1482,#1483,#780,.T.);
#1843=EDGE_CURVE('',#1482,#1472,#781,.T.);
#1844=EDGE_CURVE('',#1473,#1483,#782,.T.);
#1845=EDGE_CURVE('',#1484,#1456,#783,.T.);
#1846=EDGE_CURVE('',#1452,#1484,#784,.T.);
#1847=EDGE_CURVE('',#1485,#1484,#99,.T.);
#1848=EDGE_CURVE('',#1453,#1485,#785,.T.);
#1849=EDGE_CURVE('',#1486,#1485,#786,.T.);
#1850=EDGE_CURVE('',#1454,#1486,#787,.T.);
#1851=EDGE_CURVE('',#1487,#1486,#100,.T.);
#1852=EDGE_CURVE('',#1445,#1487,#788,.T.);
#1853=EDGE_CURVE('',#1461,#1487,#789,.T.);
#1854=EDGE_CURVE('',#1488,#1489,#790,.T.);
#1855=EDGE_CURVE('',#1489,#1490,#791,.T.);
#1856=EDGE_CURVE('',#1491,#1490,#792,.T.);
#1857=EDGE_CURVE('',#1488,#1491,#793,.T.);
#1858=EDGE_CURVE('',#1492,#1488,#794,.T.);
#1859=EDGE_CURVE('',#1493,#1491,#795,.T.);
#1860=EDGE_CURVE('',#1492,#1493,#796,.T.);
#1861=EDGE_CURVE('',#1494,#1492,#797,.T.);
#1862=EDGE_CURVE('',#1495,#1493,#798,.T.);
#1863=EDGE_CURVE('',#1494,#1495,#799,.T.);
#1864=EDGE_CURVE('',#1489,#1494,#800,.T.);
#1865=EDGE_CURVE('',#1490,#1495,#801,.T.);
#1866=EDGE_CURVE('',#1496,#1496,#101,.T.);
#1867=EDGE_CURVE('',#1496,#1497,#802,.T.);
#1868=EDGE_CURVE('',#1497,#1497,#102,.T.);
#1869=EDGE_CURVE('',#1498,#1499,#803,.T.);
#1870=EDGE_CURVE('',#1499,#1500,#804,.T.);
#1871=EDGE_CURVE('',#1501,#1500,#805,.T.);
#1872=EDGE_CURVE('',#1498,#1501,#806,.T.);
#1873=EDGE_CURVE('',#1502,#1498,#807,.T.);
#1874=EDGE_CURVE('',#1503,#1501,#808,.T.);
#1875=EDGE_CURVE('',#1502,#1503,#809,.T.);
#1876=EDGE_CURVE('',#1504,#1502,#810,.T.);
#1877=EDGE_CURVE('',#1505,#1503,#811,.T.);
#1878=EDGE_CURVE('',#1504,#1505,#812,.T.);
#1879=EDGE_CURVE('',#1499,#1504,#813,.T.);
#1880=EDGE_CURVE('',#1500,#1505,#814,.T.);
#1881=EDGE_CURVE('',#1506,#1506,#103,.T.);
#1882=EDGE_CURVE('',#1506,#1507,#815,.T.);
#1883=EDGE_CURVE('',#1507,#1507,#104,.T.);
#1884=EDGE_CURVE('',#1508,#1508,#105,.T.);
#1885=EDGE_CURVE('',#1508,#1509,#816,.T.);
#1886=EDGE_CURVE('',#1509,#1509,#106,.T.);
#1887=EDGE_CURVE('',#1510,#1510,#107,.T.);
#1888=EDGE_CURVE('',#1510,#1511,#817,.T.);
#1889=EDGE_CURVE('',#1511,#1511,#108,.T.);
#1890=EDGE_CURVE('',#1512,#1512,#109,.T.);
#1891=EDGE_CURVE('',#1512,#1513,#818,.T.);
#1892=EDGE_CURVE('',#1513,#1513,#110,.T.);
#1893=EDGE_CURVE('',#1514,#1514,#111,.T.);
#1894=EDGE_CURVE('',#1514,#1515,#819,.T.);
#1895=EDGE_CURVE('',#1515,#1515,#112,.T.);
#1896=EDGE_CURVE('',#1516,#1516,#113,.T.);
#1897=EDGE_CURVE('',#1516,#1517,#820,.T.);
#1898=EDGE_CURVE('',#1517,#1517,#114,.T.);
#1899=EDGE_CURVE('',#1518,#1518,#115,.T.);
#1900=EDGE_CURVE('',#1518,#1519,#821,.T.);
#1901=EDGE_CURVE('',#1519,#1519,#116,.T.);
#1902=EDGE_CURVE('',#1520,#1520,#117,.T.);
#1903=EDGE_CURVE('',#1520,#1521,#822,.T.);
#1904=EDGE_CURVE('',#1521,#1521,#118,.T.);
#1905=EDGE_CURVE('',#1522,#1522,#119,.T.);
#1906=EDGE_CURVE('',#1522,#1523,#823,.T.);
#1907=EDGE_CURVE('',#1523,#1523,#120,.T.);
#1908=EDGE_CURVE('',#1524,#1524,#121,.T.);
#1909=EDGE_CURVE('',#1524,#1525,#824,.T.);
#1910=EDGE_CURVE('',#1525,#1525,#122,.T.);
#1911=EDGE_CURVE('',#1526,#1526,#123,.T.);
#1912=EDGE_CURVE('',#1526,#1527,#825,.T.);
#1913=EDGE_CURVE('',#1527,#1527,#124,.T.);
#1914=EDGE_CURVE('',#1528,#1528,#125,.T.);
#1915=EDGE_CURVE('',#1528,#1529,#826,.T.);
#1916=EDGE_CURVE('',#1529,#1529,#126,.T.);
#1917=EDGE_CURVE('',#1530,#1530,#127,.T.);
#1918=EDGE_CURVE('',#1530,#1531,#827,.T.);
#1919=EDGE_CURVE('',#1531,#1531,#128,.T.);
#1920=EDGE_CURVE('',#1532,#1532,#129,.T.);
#1921=EDGE_CURVE('',#1532,#1533,#828,.T.);
#1922=EDGE_CURVE('',#1533,#1533,#130,.T.);
#1923=EDGE_CURVE('',#1534,#1535,#829,.T.);
#1924=EDGE_CURVE('',#1535,#1536,#830,.T.);
#1925=EDGE_CURVE('',#1537,#1536,#831,.T.);
#1926=EDGE_CURVE('',#1534,#1537,#832,.T.);
#1927=EDGE_CURVE('',#1538,#1534,#131,.T.);
#1928=EDGE_CURVE('',#1539,#1537,#132,.T.);
#1929=EDGE_CURVE('',#1538,#1539,#833,.T.);
#1930=EDGE_CURVE('',#1540,#1538,#834,.T.);
#1931=EDGE_CURVE('',#1541,#1539,#835,.T.);
#1932=EDGE_CURVE('',#1540,#1541,#836,.T.);
#1933=EDGE_CURVE('',#1542,#1540,#133,.T.);
#1934=EDGE_CURVE('',#1543,#1541,#134,.T.);
#1935=EDGE_CURVE('',#1542,#1543,#837,.T.);
#1936=EDGE_CURVE('',#1544,#1542,#838,.T.);
#1937=EDGE_CURVE('',#1545,#1543,#839,.T.);
#1938=EDGE_CURVE('',#1544,#1545,#840,.T.);
#1939=EDGE_CURVE('',#1546,#1544,#135,.T.);
#1940=EDGE_CURVE('',#1547,#1545,#136,.T.);
#1941=EDGE_CURVE('',#1546,#1547,#841,.T.);
#1942=EDGE_CURVE('',#1548,#1546,#842,.T.);
#1943=EDGE_CURVE('',#1549,#1547,#843,.T.);
#1944=EDGE_CURVE('',#1548,#1549,#844,.T.);
#1945=EDGE_CURVE('',#1550,#1548,#137,.T.);
#1946=EDGE_CURVE('',#1551,#1549,#138,.T.);
#1947=EDGE_CURVE('',#1550,#1551,#845,.T.);
#1948=EDGE_CURVE('',#1552,#1550,#846,.T.);
#1949=EDGE_CURVE('',#1553,#1551,#847,.T.);
#1950=EDGE_CURVE('',#1552,#1553,#848,.T.);
#1951=EDGE_CURVE('',#1554,#1552,#139,.T.);
#1952=EDGE_CURVE('',#1555,#1553,#140,.T.);
#1953=EDGE_CURVE('',#1554,#1555,#849,.T.);
#1954=EDGE_CURVE('',#1556,#1556,#141,.T.);
#1955=EDGE_CURVE('',#1557,#1557,#142,.T.);
#1956=EDGE_CURVE('',#1558,#1558,#143,.T.);
#1957=EDGE_CURVE('',#1559,#1559,#144,.T.);
#1958=EDGE_CURVE('',#1560,#1560,#145,.T.);
#1959=EDGE_CURVE('',#1561,#1561,#146,.T.);
#1960=EDGE_CURVE('',#1562,#1562,#147,.T.);
#1961=EDGE_CURVE('',#1563,#1563,#148,.T.);
#1962=EDGE_CURVE('',#1564,#1565,#850,.T.);
#1963=EDGE_CURVE('',#1565,#1566,#851,.T.);
#1964=EDGE_CURVE('',#1566,#1567,#852,.T.);
#1965=EDGE_CURVE('',#1567,#1568,#853,.T.);
#1966=EDGE_CURVE('',#1568,#1569,#854,.T.);
#1967=EDGE_CURVE('',#1569,#1570,#855,.T.);
#1968=EDGE_CURVE('',#1570,#1571,#856,.T.);
#1969=EDGE_CURVE('',#1571,#1572,#857,.T.);
#1970=EDGE_CURVE('',#1572,#1573,#858,.T.);
#1971=EDGE_CURVE('',#1573,#1564,#859,.T.);
#1972=EDGE_CURVE('',#1574,#1554,#860,.T.);
#1973=EDGE_CURVE('',#1574,#1575,#861,.T.);
#1974=EDGE_CURVE('',#1535,#1575,#862,.T.);
#1975=EDGE_CURVE('',#1576,#1577,#863,.T.);
#1976=EDGE_CURVE('',#1577,#1578,#149,.T.);
#1977=EDGE_CURVE('',#1578,#1579,#864,.T.);
#1978=EDGE_CURVE('',#1579,#1580,#150,.T.);
#1979=EDGE_CURVE('',#1580,#1581,#865,.T.);
#1980=EDGE_CURVE('',#1581,#1582,#866,.T.);
#1981=EDGE_CURVE('',#1582,#1583,#151,.T.);
#1982=EDGE_CURVE('',#1583,#1584,#867,.T.);
#1983=EDGE_CURVE('',#1584,#1585,#152,.T.);
#1984=EDGE_CURVE('',#1585,#1586,#868,.T.);
#1985=EDGE_CURVE('',#1586,#1576,#153,.T.);
#1986=EDGE_CURVE('',#1587,#1587,#154,.T.);
#1987=EDGE_CURVE('',#1575,#1588,#869,.T.);
#1988=EDGE_CURVE('',#1536,#1588,#870,.T.);
#1989=EDGE_CURVE('',#1589,#1590,#871,.T.);
#1990=EDGE_CURVE('',#1590,#1555,#872,.T.);
#1991=EDGE_CURVE('',#1588,#1591,#873,.T.);
#1992=EDGE_CURVE('',#1591,#1592,#874,.T.);
#1993=EDGE_CURVE('',#1592,#1593,#875,.T.);
#1994=EDGE_CURVE('',#1593,#1594,#155,.T.);
#1995=EDGE_CURVE('',#1594,#1595,#876,.T.);
#1996=EDGE_CURVE('',#1595,#1596,#156,.T.);
#1997=EDGE_CURVE('',#1596,#1597,#877,.T.);
#1998=EDGE_CURVE('',#1597,#1598,#157,.T.);
#1999=EDGE_CURVE('',#1598,#1599,#878,.T.);
#2000=EDGE_CURVE('',#1599,#1600,#158,.T.);
#2001=EDGE_CURVE('',#1600,#1601,#879,.T.);
#2002=EDGE_CURVE('',#1601,#1602,#159,.T.);
#2003=EDGE_CURVE('',#1602,#1589,#880,.T.);
#2004=EDGE_CURVE('',#1574,#1590,#881,.T.);
#2005=EDGE_CURVE('',#1603,#1575,#882,.T.);
#2006=EDGE_CURVE('',#1574,#1604,#883,.T.);
#2007=EDGE_CURVE('',#1604,#1603,#884,.T.);
#2008=EDGE_CURVE('',#1605,#1606,#885,.T.);
#2009=EDGE_CURVE('',#1603,#1605,#886,.T.);
#2010=EDGE_CURVE('',#1604,#1606,#887,.T.);
#2011=EDGE_CURVE('',#1556,#1607,#888,.T.);
#2012=EDGE_CURVE('',#1607,#1607,#160,.T.);
#2013=EDGE_CURVE('',#1557,#1608,#889,.T.);
#2014=EDGE_CURVE('',#1608,#1608,#161,.T.);
#2015=EDGE_CURVE('',#1558,#1609,#890,.T.);
#2016=EDGE_CURVE('',#1609,#1609,#162,.T.);
#2017=EDGE_CURVE('',#1559,#1610,#891,.T.);
#2018=EDGE_CURVE('',#1610,#1610,#163,.T.);
#2019=EDGE_CURVE('',#1560,#1611,#892,.T.);
#2020=EDGE_CURVE('',#1611,#1611,#164,.T.);
#2021=EDGE_CURVE('',#1561,#1612,#893,.T.);
#2022=EDGE_CURVE('',#1612,#1612,#165,.T.);
#2023=EDGE_CURVE('',#1613,#1614,#166,.T.);
#2024=EDGE_CURVE('',#1613,#1583,#894,.T.);
#2025=EDGE_CURVE('',#1614,#1582,#895,.T.);
#2026=EDGE_CURVE('',#1615,#1613,#896,.T.);
#2027=EDGE_CURVE('',#1615,#1584,#897,.T.);
#2028=EDGE_CURVE('',#1616,#1615,#167,.T.);
#2029=EDGE_CURVE('',#1616,#1585,#898,.T.);
#2030=EDGE_CURVE('',#1617,#1618,#168,.T.);
#2031=EDGE_CURVE('',#1617,#1576,#899,.T.);
#2032=EDGE_CURVE('',#1618,#1586,#900,.T.);
#2033=EDGE_CURVE('',#1619,#1617,#901,.T.);
#2034=EDGE_CURVE('',#1619,#1577,#902,.T.);
#2035=EDGE_CURVE('',#1620,#1619,#169,.T.);
#2036=EDGE_CURVE('',#1620,#1578,#903,.T.);
#2037=EDGE_CURVE('',#1621,#1620,#904,.T.);
#2038=EDGE_CURVE('',#1621,#1579,#905,.T.);
#2039=EDGE_CURVE('',#1622,#1621,#170,.T.);
#2040=EDGE_CURVE('',#1622,#1580,#906,.T.);
#2041=EDGE_CURVE('',#1623,#1622,#907,.T.);
#2042=EDGE_CURVE('',#1623,#1581,#908,.T.);
#2043=EDGE_CURVE('',#1624,#1605,#909,.T.);
#2044=EDGE_CURVE('',#1606,#1625,#910,.T.);
#2045=EDGE_CURVE('',#1614,#1625,#911,.T.);
#2046=EDGE_CURVE('',#1624,#1623,#912,.T.);
#2047=EDGE_CURVE('',#1562,#1626,#913,.T.);
#2048=EDGE_CURVE('',#1626,#1626,#171,.T.);
#2049=EDGE_CURVE('',#1563,#1627,#914,.T.);
#2050=EDGE_CURVE('',#1627,#1627,#172,.T.);
#2051=EDGE_CURVE('',#1565,#1628,#915,.T.);
#2052=EDGE_CURVE('',#1629,#1628,#916,.T.);
#2053=EDGE_CURVE('',#1629,#1566,#917,.T.);
#2054=EDGE_CURVE('',#1630,#1629,#918,.T.);
#2055=EDGE_CURVE('',#1630,#1567,#919,.T.);
#2056=EDGE_CURVE('',#1631,#1630,#920,.T.);
#2057=EDGE_CURVE('',#1631,#1568,#921,.T.);
#2058=EDGE_CURVE('',#1632,#1631,#922,.T.);
#2059=EDGE_CURVE('',#1632,#1569,#923,.T.);
#2060=EDGE_CURVE('',#1633,#1570,#924,.T.);
#2061=EDGE_CURVE('',#1633,#1632,#925,.T.);
#2062=EDGE_CURVE('',#1633,#1634,#926,.T.);
#2063=EDGE_CURVE('',#1571,#1634,#927,.T.);
#2064=EDGE_CURVE('',#1635,#1634,#928,.T.);
#2065=EDGE_CURVE('',#1635,#1572,#929,.T.);
#2066=EDGE_CURVE('',#1636,#1635,#930,.T.);
#2067=EDGE_CURVE('',#1636,#1573,#931,.T.);
#2068=EDGE_CURVE('',#1637,#1636,#932,.T.);
#2069=EDGE_CURVE('',#1637,#1564,#933,.T.);
#2070=EDGE_CURVE('',#1628,#1637,#934,.T.);
#2071=EDGE_CURVE('',#1618,#1616,#935,.T.);
#2072=EDGE_CURVE('',#1638,#1639,#936,.T.);
#2073=EDGE_CURVE('',#1639,#1640,#937,.T.);
#2074=EDGE_CURVE('',#1640,#1641,#938,.T.);
#2075=EDGE_CURVE('',#1641,#1638,#939,.T.);
#2076=EDGE_CURVE('',#1642,#1643,#940,.T.);
#2077=EDGE_CURVE('',#1642,#1601,#941,.T.);
#2078=EDGE_CURVE('',#1643,#1600,#942,.T.);
#2079=EDGE_CURVE('',#1644,#1642,#173,.T.);
#2080=EDGE_CURVE('',#1644,#1602,#943,.T.);
#2081=EDGE_CURVE('',#1645,#1644,#944,.T.);
#2082=EDGE_CURVE('',#1645,#1589,#945,.T.);
#2083=EDGE_CURVE('',#1646,#1645,#946,.T.);
#2084=EDGE_CURVE('',#1647,#1645,#947,.T.);
#2085=EDGE_CURVE('',#1647,#1648,#948,.T.);
#2086=EDGE_CURVE('',#1646,#1648,#949,.T.);
#2087=EDGE_CURVE('',#1649,#1647,#950,.T.);
#2088=EDGE_CURVE('',#1649,#1592,#951,.T.);
#2089=EDGE_CURVE('',#1647,#1591,#952,.T.);
#2090=EDGE_CURVE('',#1650,#1649,#953,.T.);
#2091=EDGE_CURVE('',#1650,#1593,#954,.T.);
#2092=EDGE_CURVE('',#1651,#1650,#174,.T.);
#2093=EDGE_CURVE('',#1651,#1594,#955,.T.);
#2094=EDGE_CURVE('',#1652,#1651,#956,.T.);
#2095=EDGE_CURVE('',#1652,#1595,#957,.T.);
#2096=EDGE_CURVE('',#1653,#1652,#175,.T.);
#2097=EDGE_CURVE('',#1653,#1596,#958,.T.);
#2098=EDGE_CURVE('',#1654,#1653,#959,.T.);
#2099=EDGE_CURVE('',#1654,#1597,#960,.T.);
#2100=EDGE_CURVE('',#1655,#1654,#176,.T.);
#2101=EDGE_CURVE('',#1655,#1598,#961,.T.);
#2102=EDGE_CURVE('',#1656,#1655,#962,.T.);
#2103=EDGE_CURVE('',#1656,#1599,#963,.T.);
#2104=EDGE_CURVE('',#1643,#1656,#177,.T.);
#2105=EDGE_CURVE('',#1657,#1657,#178,.T.);
#2106=EDGE_CURVE('',#1657,#1587,#964,.T.);
#2107=EDGE_CURVE('',#1658,#1624,#965,.T.);
#2108=EDGE_CURVE('',#1659,#1658,#966,.T.);
#2109=EDGE_CURVE('',#1659,#1648,#967,.T.);
#2110=EDGE_CURVE('',#1660,#1659,#968,.T.);
#2111=EDGE_CURVE('',#1660,#1646,#969,.T.);
#2112=EDGE_CURVE('',#1661,#1660,#970,.T.);
#2113=EDGE_CURVE('',#1661,#1625,#971,.T.);
#2114=EDGE_CURVE('',#1658,#1661,#972,.T.);
#2115=EDGE_CURVE('',#1662,#1639,#973,.T.);
#2116=EDGE_CURVE('',#1663,#1662,#974,.T.);
#2117=EDGE_CURVE('',#1663,#1640,#975,.T.);
#2118=EDGE_CURVE('',#1664,#1663,#976,.T.);
#2119=EDGE_CURVE('',#1664,#1641,#977,.T.);
#2120=EDGE_CURVE('',#1665,#1664,#978,.T.);
#2121=EDGE_CURVE('',#1665,#1638,#979,.T.);
#2122=EDGE_CURVE('',#1662,#1665,#980,.T.);
#2123=EDGE_CURVE('',#1666,#1667,#179,.T.);
#2124=EDGE_CURVE('',#1667,#1668,#981,.T.);
#2125=EDGE_CURVE('',#1668,#1669,#180,.T.);
#2126=EDGE_CURVE('',#1669,#1670,#982,.T.);
#2127=EDGE_CURVE('',#1670,#1671,#983,.T.);
#2128=EDGE_CURVE('',#1671,#1672,#181,.T.);
#2129=EDGE_CURVE('',#1672,#1673,#984,.T.);
#2130=EDGE_CURVE('',#1673,#1674,#182,.T.);
#2131=EDGE_CURVE('',#1674,#1675,#985,.T.);
#2132=EDGE_CURVE('',#1675,#1676,#183,.T.);
#2133=EDGE_CURVE('',#1676,#1666,#986,.T.);
#2134=EDGE_CURVE('',#1677,#1677,#184,.T.);
#2135=EDGE_CURVE('',#1678,#1678,#185,.T.);
#2136=EDGE_CURVE('',#1679,#1679,#186,.T.);
#2137=EDGE_CURVE('',#1680,#1681,#987,.T.);
#2138=EDGE_CURVE('',#1680,#1668,#988,.T.);
#2139=EDGE_CURVE('',#1681,#1667,#989,.T.);
#2140=EDGE_CURVE('',#1680,#1682,#187,.T.);
#2141=EDGE_CURVE('',#1682,#1669,#990,.T.);
#2142=EDGE_CURVE('',#1683,#1682,#991,.T.);
#2143=EDGE_CURVE('',#1683,#1670,#992,.T.);
#2144=EDGE_CURVE('',#1684,#1683,#993,.T.);
#2145=EDGE_CURVE('',#1684,#1671,#994,.T.);
#2146=EDGE_CURVE('',#1684,#1685,#188,.T.);
#2147=EDGE_CURVE('',#1685,#1672,#995,.T.);
#2148=EDGE_CURVE('',#1686,#1685,#996,.T.);
#2149=EDGE_CURVE('',#1686,#1673,#997,.T.);
#2150=EDGE_CURVE('',#1686,#1687,#189,.T.);
#2151=EDGE_CURVE('',#1687,#1674,#998,.T.);
#2152=EDGE_CURVE('',#1688,#1687,#999,.T.);
#2153=EDGE_CURVE('',#1688,#1675,#1000,.T.);
#2154=EDGE_CURVE('',#1688,#1689,#190,.T.);
#2155=EDGE_CURVE('',#1689,#1676,#1001,.T.);
#2156=EDGE_CURVE('',#1690,#1689,#1002,.T.);
#2157=EDGE_CURVE('',#1690,#1666,#1003,.T.);
#2158=EDGE_CURVE('',#1690,#1681,#191,.T.);
#2159=EDGE_CURVE('',#1691,#1691,#192,.T.);
#2160=EDGE_CURVE('',#1691,#1677,#1004,.T.);
#2161=EDGE_CURVE('',#1692,#1692,#193,.T.);
#2162=EDGE_CURVE('',#1692,#1678,#1005,.T.);
#2163=EDGE_CURVE('',#1693,#1693,#194,.T.);
#2164=EDGE_CURVE('',#1693,#1679,#1006,.T.);
#2165=EDGE_CURVE('',#1694,#1695,#1007,.T.);
#2166=EDGE_CURVE('',#1694,#1696,#1008,.T.);
#2167=EDGE_CURVE('',#1696,#1697,#1009,.T.);
#2168=EDGE_CURVE('',#1695,#1697,#1010,.T.);
#2169=EDGE_CURVE('',#1698,#1694,#1011,.T.);
#2170=EDGE_CURVE('',#1698,#1699,#1012,.T.);
#2171=EDGE_CURVE('',#1699,#1696,#1013,.T.);
#2172=EDGE_CURVE('',#1700,#1698,#1014,.T.);
#2173=EDGE_CURVE('',#1700,#1701,#1015,.T.);
#2174=EDGE_CURVE('',#1701,#1699,#1016,.T.);
#2175=EDGE_CURVE('',#1702,#1700,#1017,.T.);
#2176=EDGE_CURVE('',#1702,#1703,#1018,.T.);
#2177=EDGE_CURVE('',#1703,#1701,#1019,.T.);
#2178=EDGE_CURVE('',#1704,#1702,#1020,.T.);
#2179=EDGE_CURVE('',#1705,#1704,#1021,.T.);
#2180=EDGE_CURVE('',#1705,#1703,#1022,.T.);
#2181=EDGE_CURVE('',#1706,#1705,#1023,.T.);
#2182=EDGE_CURVE('',#1707,#1706,#1024,.T.);
#2183=EDGE_CURVE('',#1708,#1707,#1025,.T.);
#2184=EDGE_CURVE('',#1709,#1708,#1026,.T.);
#2185=EDGE_CURVE('',#1710,#1709,#1027,.T.);
#2186=EDGE_CURVE('',#1711,#1710,#1028,.T.);
#2187=EDGE_CURVE('',#1697,#1711,#1029,.T.);
#2188=EDGE_CURVE('',#1712,#1710,#1030,.T.);
#2189=EDGE_CURVE('',#1713,#1712,#1031,.T.);
#2190=EDGE_CURVE('',#1713,#1711,#1032,.T.);
#2191=EDGE_CURVE('',#1714,#1709,#1033,.T.);
#2192=EDGE_CURVE('',#1714,#1712,#1034,.T.);
#2193=EDGE_CURVE('',#1715,#1708,#1035,.T.);
#2194=EDGE_CURVE('',#1714,#1715,#1036,.T.);
#2195=EDGE_CURVE('',#1716,#1707,#1037,.T.);
#2196=EDGE_CURVE('',#1715,#1716,#1038,.T.);
#2197=EDGE_CURVE('',#1717,#1706,#1039,.T.);
#2198=EDGE_CURVE('',#1716,#1717,#1040,.T.);
#2199=EDGE_CURVE('',#1718,#1704,#1041,.T.);
#2200=EDGE_CURVE('',#1719,#1718,#1042,.T.);
#2201=EDGE_CURVE('',#1717,#1719,#1043,.T.);
#2202=EDGE_CURVE('',#1720,#1718,#1044,.T.);
#2203=EDGE_CURVE('',#1721,#1720,#1045,.T.);
#2204=EDGE_CURVE('',#1719,#1721,#1046,.T.);
#2205=EDGE_CURVE('',#1721,#1713,#1047,.T.);
#2206=EDGE_CURVE('',#1695,#1720,#1048,.T.);
#2207=ORIENTED_EDGE('',*,*,#1722,.F.);
#2208=ORIENTED_EDGE('',*,*,#1723,.T.);
#2209=ORIENTED_EDGE('',*,*,#1724,.F.);
#2210=ORIENTED_EDGE('',*,*,#1725,.F.);
#2211=ORIENTED_EDGE('',*,*,#1726,.F.);
#2212=ORIENTED_EDGE('',*,*,#1727,.T.);
#2213=ORIENTED_EDGE('',*,*,#1728,.F.);
#2214=ORIENTED_EDGE('',*,*,#1723,.F.);
#2215=ORIENTED_EDGE('',*,*,#1729,.F.);
#2216=ORIENTED_EDGE('',*,*,#1730,.T.);
#2217=ORIENTED_EDGE('',*,*,#1731,.F.);
#2218=ORIENTED_EDGE('',*,*,#1727,.F.);
#2219=ORIENTED_EDGE('',*,*,#1732,.F.);
#2220=ORIENTED_EDGE('',*,*,#1733,.T.);
#2221=ORIENTED_EDGE('',*,*,#1734,.F.);
#2222=ORIENTED_EDGE('',*,*,#1730,.F.);
#2223=ORIENTED_EDGE('',*,*,#1735,.F.);
#2224=ORIENTED_EDGE('',*,*,#1736,.T.);
#2225=ORIENTED_EDGE('',*,*,#1737,.F.);
#2226=ORIENTED_EDGE('',*,*,#1733,.F.);
#2227=ORIENTED_EDGE('',*,*,#1738,.F.);
#2228=ORIENTED_EDGE('',*,*,#1725,.T.);
#2229=ORIENTED_EDGE('',*,*,#1739,.F.);
#2230=ORIENTED_EDGE('',*,*,#1740,.F.);
#2231=ORIENTED_EDGE('',*,*,#1741,.F.);
#2232=ORIENTED_EDGE('',*,*,#1740,.T.);
#2233=ORIENTED_EDGE('',*,*,#1742,.F.);
#2234=ORIENTED_EDGE('',*,*,#1743,.F.);
#2235=ORIENTED_EDGE('',*,*,#1744,.F.);
#2236=ORIENTED_EDGE('',*,*,#1743,.T.);
#2237=ORIENTED_EDGE('',*,*,#1745,.F.);
#2238=ORIENTED_EDGE('',*,*,#1746,.F.);
#2239=ORIENTED_EDGE('',*,*,#1747,.F.);
#2240=ORIENTED_EDGE('',*,*,#1746,.T.);
#2241=ORIENTED_EDGE('',*,*,#1748,.F.);
#2242=ORIENTED_EDGE('',*,*,#1749,.F.);
#2243=ORIENTED_EDGE('',*,*,#1750,.F.);
#2244=ORIENTED_EDGE('',*,*,#1749,.T.);
#2245=ORIENTED_EDGE('',*,*,#1751,.F.);
#2246=ORIENTED_EDGE('',*,*,#1752,.F.);
#2247=ORIENTED_EDGE('',*,*,#1753,.F.);
#2248=ORIENTED_EDGE('',*,*,#1752,.T.);
#2249=ORIENTED_EDGE('',*,*,#1754,.F.);
#2250=ORIENTED_EDGE('',*,*,#1736,.F.);
#2251=ORIENTED_EDGE('',*,*,#1755,.T.);
#2252=ORIENTED_EDGE('',*,*,#1756,.T.);
#2253=ORIENTED_EDGE('',*,*,#1757,.F.);
#2254=ORIENTED_EDGE('',*,*,#1758,.F.);
#2255=ORIENTED_EDGE('',*,*,#1759,.T.);
#2256=ORIENTED_EDGE('',*,*,#1758,.T.);
#2257=ORIENTED_EDGE('',*,*,#1760,.F.);
#2258=ORIENTED_EDGE('',*,*,#1761,.F.);
#2259=ORIENTED_EDGE('',*,*,#1762,.T.);
#2260=ORIENTED_EDGE('',*,*,#1761,.T.);
#2261=ORIENTED_EDGE('',*,*,#1763,.F.);
#2262=ORIENTED_EDGE('',*,*,#1764,.F.);
#2263=ORIENTED_EDGE('',*,*,#1765,.T.);
#2264=ORIENTED_EDGE('',*,*,#1764,.T.);
#2265=ORIENTED_EDGE('',*,*,#1766,.F.);
#2266=ORIENTED_EDGE('',*,*,#1767,.F.);
#2267=ORIENTED_EDGE('',*,*,#1768,.T.);
#2268=ORIENTED_EDGE('',*,*,#1767,.T.);
#2269=ORIENTED_EDGE('',*,*,#1769,.F.);
#2270=ORIENTED_EDGE('',*,*,#1770,.F.);
#2271=ORIENTED_EDGE('',*,*,#1771,.T.);
#2272=ORIENTED_EDGE('',*,*,#1770,.T.);
#2273=ORIENTED_EDGE('',*,*,#1772,.F.);
#2274=ORIENTED_EDGE('',*,*,#1773,.F.);
#2275=ORIENTED_EDGE('',*,*,#1774,.T.);
#2276=ORIENTED_EDGE('',*,*,#1773,.T.);
#2277=ORIENTED_EDGE('',*,*,#1775,.F.);
#2278=ORIENTED_EDGE('',*,*,#1776,.F.);
#2279=ORIENTED_EDGE('',*,*,#1777,.T.);
#2280=ORIENTED_EDGE('',*,*,#1776,.T.);
#2281=ORIENTED_EDGE('',*,*,#1778,.F.);
#2282=ORIENTED_EDGE('',*,*,#1779,.F.);
#2283=ORIENTED_EDGE('',*,*,#1780,.T.);
#2284=ORIENTED_EDGE('',*,*,#1779,.T.);
#2285=ORIENTED_EDGE('',*,*,#1781,.F.);
#2286=ORIENTED_EDGE('',*,*,#1782,.F.);
#2287=ORIENTED_EDGE('',*,*,#1783,.T.);
#2288=ORIENTED_EDGE('',*,*,#1782,.T.);
#2289=ORIENTED_EDGE('',*,*,#1784,.F.);
#2290=ORIENTED_EDGE('',*,*,#1785,.F.);
#2291=ORIENTED_EDGE('',*,*,#1786,.T.);
#2292=ORIENTED_EDGE('',*,*,#1785,.T.);
#2293=ORIENTED_EDGE('',*,*,#1787,.F.);
#2294=ORIENTED_EDGE('',*,*,#1756,.F.);
#2295=ORIENTED_EDGE('',*,*,#1787,.T.);
#2296=ORIENTED_EDGE('',*,*,#1784,.T.);
#2297=ORIENTED_EDGE('',*,*,#1781,.T.);
#2298=ORIENTED_EDGE('',*,*,#1778,.T.);
#2299=ORIENTED_EDGE('',*,*,#1775,.T.);
#2300=ORIENTED_EDGE('',*,*,#1772,.T.);
#2301=ORIENTED_EDGE('',*,*,#1769,.T.);
#2302=ORIENTED_EDGE('',*,*,#1766,.T.);
#2303=ORIENTED_EDGE('',*,*,#1763,.T.);
#2304=ORIENTED_EDGE('',*,*,#1760,.T.);
#2305=ORIENTED_EDGE('',*,*,#1757,.T.);
#2306=ORIENTED_EDGE('',*,*,#1737,.T.);
#2307=ORIENTED_EDGE('',*,*,#1754,.T.);
#2308=ORIENTED_EDGE('',*,*,#1751,.T.);
#2309=ORIENTED_EDGE('',*,*,#1748,.T.);
#2310=ORIENTED_EDGE('',*,*,#1745,.T.);
#2311=ORIENTED_EDGE('',*,*,#1742,.T.);
#2312=ORIENTED_EDGE('',*,*,#1739,.T.);
#2313=ORIENTED_EDGE('',*,*,#1724,.T.);
#2314=ORIENTED_EDGE('',*,*,#1728,.T.);
#2315=ORIENTED_EDGE('',*,*,#1731,.T.);
#2316=ORIENTED_EDGE('',*,*,#1734,.T.);
#2317=ORIENTED_EDGE('',*,*,#1735,.T.);
#2318=ORIENTED_EDGE('',*,*,#1732,.T.);
#2319=ORIENTED_EDGE('',*,*,#1729,.T.);
#2320=ORIENTED_EDGE('',*,*,#1726,.T.);
#2321=ORIENTED_EDGE('',*,*,#1722,.T.);
#2322=ORIENTED_EDGE('',*,*,#1738,.T.);
#2323=ORIENTED_EDGE('',*,*,#1741,.T.);
#2324=ORIENTED_EDGE('',*,*,#1744,.T.);
#2325=ORIENTED_EDGE('',*,*,#1747,.T.);
#2326=ORIENTED_EDGE('',*,*,#1750,.T.);
#2327=ORIENTED_EDGE('',*,*,#1753,.T.);
#2328=ORIENTED_EDGE('',*,*,#1788,.F.);
#2329=ORIENTED_EDGE('',*,*,#1789,.F.);
#2330=ORIENTED_EDGE('',*,*,#1790,.F.);
#2331=ORIENTED_EDGE('',*,*,#1791,.F.);
#2332=ORIENTED_EDGE('',*,*,#1792,.F.);
#2333=ORIENTED_EDGE('',*,*,#1793,.F.);
#2334=ORIENTED_EDGE('',*,*,#1794,.F.);
#2335=ORIENTED_EDGE('',*,*,#1795,.F.);
#2336=ORIENTED_EDGE('',*,*,#1796,.F.);
#2337=ORIENTED_EDGE('',*,*,#1797,.F.);
#2338=ORIENTED_EDGE('',*,*,#1798,.F.);
#2339=ORIENTED_EDGE('',*,*,#1794,.T.);
#2340=ORIENTED_EDGE('',*,*,#1799,.T.);
#2341=ORIENTED_EDGE('',*,*,#1800,.F.);
#2342=ORIENTED_EDGE('',*,*,#1801,.F.);
#2343=ORIENTED_EDGE('',*,*,#1793,.T.);
#2344=ORIENTED_EDGE('',*,*,#1802,.T.);
#2345=ORIENTED_EDGE('',*,*,#1803,.F.);
#2346=ORIENTED_EDGE('',*,*,#1799,.F.);
#2347=ORIENTED_EDGE('',*,*,#1792,.T.);
#2348=ORIENTED_EDGE('',*,*,#1804,.T.);
#2349=ORIENTED_EDGE('',*,*,#1805,.F.);
#2350=ORIENTED_EDGE('',*,*,#1802,.F.);
#2351=ORIENTED_EDGE('',*,*,#1791,.T.);
#2352=ORIENTED_EDGE('',*,*,#1806,.T.);
#2353=ORIENTED_EDGE('',*,*,#1807,.F.);
#2354=ORIENTED_EDGE('',*,*,#1804,.F.);
#2355=ORIENTED_EDGE('',*,*,#1790,.T.);
#2356=ORIENTED_EDGE('',*,*,#1808,.T.);
#2357=ORIENTED_EDGE('',*,*,#1809,.F.);
#2358=ORIENTED_EDGE('',*,*,#1806,.F.);
#2359=ORIENTED_EDGE('',*,*,#1789,.T.);
#2360=ORIENTED_EDGE('',*,*,#1810,.T.);
#2361=ORIENTED_EDGE('',*,*,#1811,.F.);
#2362=ORIENTED_EDGE('',*,*,#1808,.F.);
#2363=ORIENTED_EDGE('',*,*,#1812,.F.);
#2364=ORIENTED_EDGE('',*,*,#1813,.T.);
#2365=ORIENTED_EDGE('',*,*,#1814,.F.);
#2366=ORIENTED_EDGE('',*,*,#1815,.F.);
#2367=ORIENTED_EDGE('',*,*,#1816,.F.);
#2368=ORIENTED_EDGE('',*,*,#1817,.T.);
#2369=ORIENTED_EDGE('',*,*,#1818,.F.);
#2370=ORIENTED_EDGE('',*,*,#1813,.F.);
#2371=ORIENTED_EDGE('',*,*,#1819,.F.);
#2372=ORIENTED_EDGE('',*,*,#1820,.T.);
#2373=ORIENTED_EDGE('',*,*,#1821,.F.);
#2374=ORIENTED_EDGE('',*,*,#1817,.F.);
#2375=ORIENTED_EDGE('',*,*,#1822,.F.);
#2376=ORIENTED_EDGE('',*,*,#1823,.T.);
#2377=ORIENTED_EDGE('',*,*,#1824,.F.);
#2378=ORIENTED_EDGE('',*,*,#1820,.F.);
#2379=ORIENTED_EDGE('',*,*,#1825,.F.);
#2380=ORIENTED_EDGE('',*,*,#1826,.T.);
#2381=ORIENTED_EDGE('',*,*,#1827,.F.);
#2382=ORIENTED_EDGE('',*,*,#1823,.F.);
#2383=ORIENTED_EDGE('',*,*,#1828,.F.);
#2384=ORIENTED_EDGE('',*,*,#1815,.T.);
#2385=ORIENTED_EDGE('',*,*,#1829,.F.);
#2386=ORIENTED_EDGE('',*,*,#1830,.F.);
#2387=ORIENTED_EDGE('',*,*,#1831,.F.);
#2388=ORIENTED_EDGE('',*,*,#1830,.T.);
#2389=ORIENTED_EDGE('',*,*,#1832,.F.);
#2390=ORIENTED_EDGE('',*,*,#1833,.F.);
#2391=ORIENTED_EDGE('',*,*,#1834,.F.);
#2392=ORIENTED_EDGE('',*,*,#1833,.T.);
#2393=ORIENTED_EDGE('',*,*,#1835,.F.);
#2394=ORIENTED_EDGE('',*,*,#1836,.F.);
#2395=ORIENTED_EDGE('',*,*,#1837,.F.);
#2396=ORIENTED_EDGE('',*,*,#1836,.T.);
#2397=ORIENTED_EDGE('',*,*,#1838,.F.);
#2398=ORIENTED_EDGE('',*,*,#1839,.F.);
#2399=ORIENTED_EDGE('',*,*,#1840,.F.);
#2400=ORIENTED_EDGE('',*,*,#1839,.T.);
#2401=ORIENTED_EDGE('',*,*,#1841,.F.);
#2402=ORIENTED_EDGE('',*,*,#1842,.F.);
#2403=ORIENTED_EDGE('',*,*,#1843,.F.);
#2404=ORIENTED_EDGE('',*,*,#1842,.T.);
#2405=ORIENTED_EDGE('',*,*,#1844,.F.);
#2406=ORIENTED_EDGE('',*,*,#1826,.F.);
#2407=ORIENTED_EDGE('',*,*,#1795,.T.);
#2408=ORIENTED_EDGE('',*,*,#1801,.T.);
#2409=ORIENTED_EDGE('',*,*,#1845,.F.);
#2410=ORIENTED_EDGE('',*,*,#1846,.F.);
#2411=ORIENTED_EDGE('',*,*,#1796,.T.);
#2412=ORIENTED_EDGE('',*,*,#1846,.T.);
#2413=ORIENTED_EDGE('',*,*,#1847,.F.);
#2414=ORIENTED_EDGE('',*,*,#1848,.F.);
#2415=ORIENTED_EDGE('',*,*,#1797,.T.);
#2416=ORIENTED_EDGE('',*,*,#1848,.T.);
#2417=ORIENTED_EDGE('',*,*,#1849,.F.);
#2418=ORIENTED_EDGE('',*,*,#1850,.F.);
#2419=ORIENTED_EDGE('',*,*,#1798,.T.);
#2420=ORIENTED_EDGE('',*,*,#1850,.T.);
#2421=ORIENTED_EDGE('',*,*,#1851,.F.);
#2422=ORIENTED_EDGE('',*,*,#1852,.F.);
#2423=ORIENTED_EDGE('',*,*,#1788,.T.);
#2424=ORIENTED_EDGE('',*,*,#1852,.T.);
#2425=ORIENTED_EDGE('',*,*,#1853,.F.);
#2426=ORIENTED_EDGE('',*,*,#1810,.F.);
#2427=ORIENTED_EDGE('',*,*,#1853,.T.);
#2428=ORIENTED_EDGE('',*,*,#1851,.T.);
#2429=ORIENTED_EDGE('',*,*,#1849,.T.);
#2430=ORIENTED_EDGE('',*,*,#1847,.T.);
#2431=ORIENTED_EDGE('',*,*,#1845,.T.);
#2432=ORIENTED_EDGE('',*,*,#1800,.T.);
#2433=ORIENTED_EDGE('',*,*,#1803,.T.);
#2434=ORIENTED_EDGE('',*,*,#1805,.T.);
#2435=ORIENTED_EDGE('',*,*,#1807,.T.);
#2436=ORIENTED_EDGE('',*,*,#1809,.T.);
#2437=ORIENTED_EDGE('',*,*,#1811,.T.);
#2438=ORIENTED_EDGE('',*,*,#1827,.T.);
#2439=ORIENTED_EDGE('',*,*,#1844,.T.);
#2440=ORIENTED_EDGE('',*,*,#1841,.T.);
#2441=ORIENTED_EDGE('',*,*,#1838,.T.);
#2442=ORIENTED_EDGE('',*,*,#1835,.T.);
#2443=ORIENTED_EDGE('',*,*,#1832,.T.);
#2444=ORIENTED_EDGE('',*,*,#1829,.T.);
#2445=ORIENTED_EDGE('',*,*,#1814,.T.);
#2446=ORIENTED_EDGE('',*,*,#1818,.T.);
#2447=ORIENTED_EDGE('',*,*,#1821,.T.);
#2448=ORIENTED_EDGE('',*,*,#1824,.T.);
#2449=ORIENTED_EDGE('',*,*,#1854,.T.);
#2450=ORIENTED_EDGE('',*,*,#1855,.T.);
#2451=ORIENTED_EDGE('',*,*,#1856,.F.);
#2452=ORIENTED_EDGE('',*,*,#1857,.F.);
#2453=ORIENTED_EDGE('',*,*,#1858,.T.);
#2454=ORIENTED_EDGE('',*,*,#1857,.T.);
#2455=ORIENTED_EDGE('',*,*,#1859,.F.);
#2456=ORIENTED_EDGE('',*,*,#1860,.F.);
#2457=ORIENTED_EDGE('',*,*,#1861,.T.);
#2458=ORIENTED_EDGE('',*,*,#1860,.T.);
#2459=ORIENTED_EDGE('',*,*,#1862,.F.);
#2460=ORIENTED_EDGE('',*,*,#1863,.F.);
#2461=ORIENTED_EDGE('',*,*,#1864,.T.);
#2462=ORIENTED_EDGE('',*,*,#1863,.T.);
#2463=ORIENTED_EDGE('',*,*,#1865,.F.);
#2464=ORIENTED_EDGE('',*,*,#1855,.F.);
#2465=ORIENTED_EDGE('',*,*,#1866,.F.);
#2466=ORIENTED_EDGE('',*,*,#1867,.T.);
#2467=ORIENTED_EDGE('',*,*,#1868,.T.);
#2468=ORIENTED_EDGE('',*,*,#1867,.F.);
#2469=ORIENTED_EDGE('',*,*,#1869,.T.);
#2470=ORIENTED_EDGE('',*,*,#1870,.T.);
#2471=ORIENTED_EDGE('',*,*,#1871,.F.);
#2472=ORIENTED_EDGE('',*,*,#1872,.F.);
#2473=ORIENTED_EDGE('',*,*,#1873,.T.);
#2474=ORIENTED_EDGE('',*,*,#1872,.T.);
#2475=ORIENTED_EDGE('',*,*,#1874,.F.);
#2476=ORIENTED_EDGE('',*,*,#1875,.F.);
#2477=ORIENTED_EDGE('',*,*,#1876,.T.);
#2478=ORIENTED_EDGE('',*,*,#1875,.T.);
#2479=ORIENTED_EDGE('',*,*,#1877,.F.);
#2480=ORIENTED_EDGE('',*,*,#1878,.F.);
#2481=ORIENTED_EDGE('',*,*,#1879,.T.);
#2482=ORIENTED_EDGE('',*,*,#1878,.T.);
#2483=ORIENTED_EDGE('',*,*,#1880,.F.);
#2484=ORIENTED_EDGE('',*,*,#1870,.F.);
#2485=ORIENTED_EDGE('',*,*,#1881,.F.);
#2486=ORIENTED_EDGE('',*,*,#1882,.T.);
#2487=ORIENTED_EDGE('',*,*,#1883,.T.);
#2488=ORIENTED_EDGE('',*,*,#1882,.F.);
#2489=ORIENTED_EDGE('',*,*,#1825,.T.);
#2490=ORIENTED_EDGE('',*,*,#1822,.T.);
#2491=ORIENTED_EDGE('',*,*,#1819,.T.);
#2492=ORIENTED_EDGE('',*,*,#1816,.T.);
#2493=ORIENTED_EDGE('',*,*,#1812,.T.);
#2494=ORIENTED_EDGE('',*,*,#1828,.T.);
#2495=ORIENTED_EDGE('',*,*,#1831,.T.);
#2496=ORIENTED_EDGE('',*,*,#1834,.T.);
#2497=ORIENTED_EDGE('',*,*,#1837,.T.);
#2498=ORIENTED_EDGE('',*,*,#1840,.T.);
#2499=ORIENTED_EDGE('',*,*,#1843,.T.);
#2500=ORIENTED_EDGE('',*,*,#1881,.T.);
#2501=ORIENTED_EDGE('',*,*,#1880,.T.);
#2502=ORIENTED_EDGE('',*,*,#1877,.T.);
#2503=ORIENTED_EDGE('',*,*,#1874,.T.);
#2504=ORIENTED_EDGE('',*,*,#1871,.T.);
#2505=ORIENTED_EDGE('',*,*,#1866,.T.);
#2506=ORIENTED_EDGE('',*,*,#1865,.T.);
#2507=ORIENTED_EDGE('',*,*,#1862,.T.);
#2508=ORIENTED_EDGE('',*,*,#1859,.T.);
#2509=ORIENTED_EDGE('',*,*,#1856,.T.);
#2510=ORIENTED_EDGE('',*,*,#1786,.F.);
#2511=ORIENTED_EDGE('',*,*,#1755,.F.);
#2512=ORIENTED_EDGE('',*,*,#1759,.F.);
#2513=ORIENTED_EDGE('',*,*,#1762,.F.);
#2514=ORIENTED_EDGE('',*,*,#1765,.F.);
#2515=ORIENTED_EDGE('',*,*,#1768,.F.);
#2516=ORIENTED_EDGE('',*,*,#1771,.F.);
#2517=ORIENTED_EDGE('',*,*,#1774,.F.);
#2518=ORIENTED_EDGE('',*,*,#1777,.F.);
#2519=ORIENTED_EDGE('',*,*,#1780,.F.);
#2520=ORIENTED_EDGE('',*,*,#1783,.F.);
#2521=ORIENTED_EDGE('',*,*,#1883,.F.);
#2522=ORIENTED_EDGE('',*,*,#1879,.F.);
#2523=ORIENTED_EDGE('',*,*,#1869,.F.);
#2524=ORIENTED_EDGE('',*,*,#1873,.F.);
#2525=ORIENTED_EDGE('',*,*,#1876,.F.);
#2526=ORIENTED_EDGE('',*,*,#1868,.F.);
#2527=ORIENTED_EDGE('',*,*,#1864,.F.);
#2528=ORIENTED_EDGE('',*,*,#1854,.F.);
#2529=ORIENTED_EDGE('',*,*,#1858,.F.);
#2530=ORIENTED_EDGE('',*,*,#1861,.F.);
#2531=ORIENTED_EDGE('',*,*,#1884,.F.);
#2532=ORIENTED_EDGE('',*,*,#1885,.T.);
#2533=ORIENTED_EDGE('',*,*,#1886,.F.);
#2534=ORIENTED_EDGE('',*,*,#1885,.F.);
#2535=ORIENTED_EDGE('',*,*,#1887,.F.);
#2536=ORIENTED_EDGE('',*,*,#1888,.T.);
#2537=ORIENTED_EDGE('',*,*,#1889,.F.);
#2538=ORIENTED_EDGE('',*,*,#1888,.F.);
#2539=ORIENTED_EDGE('',*,*,#1887,.T.);
#2540=ORIENTED_EDGE('',*,*,#1884,.T.);
#2541=ORIENTED_EDGE('',*,*,#1886,.T.);
#2542=ORIENTED_EDGE('',*,*,#1890,.F.);
#2543=ORIENTED_EDGE('',*,*,#1891,.T.);
#2544=ORIENTED_EDGE('',*,*,#1892,.F.);
#2545=ORIENTED_EDGE('',*,*,#1891,.F.);
#2546=ORIENTED_EDGE('',*,*,#1893,.F.);
#2547=ORIENTED_EDGE('',*,*,#1894,.T.);
#2548=ORIENTED_EDGE('',*,*,#1895,.F.);
#2549=ORIENTED_EDGE('',*,*,#1894,.F.);
#2550=ORIENTED_EDGE('',*,*,#1893,.T.);
#2551=ORIENTED_EDGE('',*,*,#1890,.T.);
#2552=ORIENTED_EDGE('',*,*,#1892,.T.);
#2553=ORIENTED_EDGE('',*,*,#1896,.F.);
#2554=ORIENTED_EDGE('',*,*,#1897,.T.);
#2555=ORIENTED_EDGE('',*,*,#1898,.F.);
#2556=ORIENTED_EDGE('',*,*,#1897,.F.);
#2557=ORIENTED_EDGE('',*,*,#1899,.F.);
#2558=ORIENTED_EDGE('',*,*,#1900,.T.);
#2559=ORIENTED_EDGE('',*,*,#1901,.F.);
#2560=ORIENTED_EDGE('',*,*,#1900,.F.);
#2561=ORIENTED_EDGE('',*,*,#1899,.T.);
#2562=ORIENTED_EDGE('',*,*,#1896,.T.);
#2563=ORIENTED_EDGE('',*,*,#1898,.T.);
#2564=ORIENTED_EDGE('',*,*,#1902,.F.);
#2565=ORIENTED_EDGE('',*,*,#1903,.T.);
#2566=ORIENTED_EDGE('',*,*,#1904,.F.);
#2567=ORIENTED_EDGE('',*,*,#1903,.F.);
#2568=ORIENTED_EDGE('',*,*,#1905,.F.);
#2569=ORIENTED_EDGE('',*,*,#1906,.T.);
#2570=ORIENTED_EDGE('',*,*,#1907,.F.);
#2571=ORIENTED_EDGE('',*,*,#1906,.F.);
#2572=ORIENTED_EDGE('',*,*,#1905,.T.);
#2573=ORIENTED_EDGE('',*,*,#1902,.T.);
#2574=ORIENTED_EDGE('',*,*,#1904,.T.);
#2575=ORIENTED_EDGE('',*,*,#1908,.F.);
#2576=ORIENTED_EDGE('',*,*,#1909,.T.);
#2577=ORIENTED_EDGE('',*,*,#1910,.F.);
#2578=ORIENTED_EDGE('',*,*,#1909,.F.);
#2579=ORIENTED_EDGE('',*,*,#1911,.F.);
#2580=ORIENTED_EDGE('',*,*,#1912,.T.);
#2581=ORIENTED_EDGE('',*,*,#1913,.F.);
#2582=ORIENTED_EDGE('',*,*,#1912,.F.);
#2583=ORIENTED_EDGE('',*,*,#1911,.T.);
#2584=ORIENTED_EDGE('',*,*,#1908,.T.);
#2585=ORIENTED_EDGE('',*,*,#1910,.T.);
#2586=ORIENTED_EDGE('',*,*,#1914,.F.);
#2587=ORIENTED_EDGE('',*,*,#1915,.T.);
#2588=ORIENTED_EDGE('',*,*,#1916,.F.);
#2589=ORIENTED_EDGE('',*,*,#1915,.F.);
#2590=ORIENTED_EDGE('',*,*,#1917,.F.);
#2591=ORIENTED_EDGE('',*,*,#1918,.T.);
#2592=ORIENTED_EDGE('',*,*,#1919,.F.);
#2593=ORIENTED_EDGE('',*,*,#1918,.F.);
#2594=ORIENTED_EDGE('',*,*,#1917,.T.);
#2595=ORIENTED_EDGE('',*,*,#1914,.T.);
#2596=ORIENTED_EDGE('',*,*,#1916,.T.);
#2597=ORIENTED_EDGE('',*,*,#1920,.F.);
#2598=ORIENTED_EDGE('',*,*,#1921,.T.);
#2599=ORIENTED_EDGE('',*,*,#1922,.T.);
#2600=ORIENTED_EDGE('',*,*,#1921,.F.);
#2601=ORIENTED_EDGE('',*,*,#1923,.T.);
#2602=ORIENTED_EDGE('',*,*,#1924,.T.);
#2603=ORIENTED_EDGE('',*,*,#1925,.F.);
#2604=ORIENTED_EDGE('',*,*,#1926,.F.);
#2605=ORIENTED_EDGE('',*,*,#1927,.T.);
#2606=ORIENTED_EDGE('',*,*,#1926,.T.);
#2607=ORIENTED_EDGE('',*,*,#1928,.F.);
#2608=ORIENTED_EDGE('',*,*,#1929,.F.);
#2609=ORIENTED_EDGE('',*,*,#1930,.T.);
#2610=ORIENTED_EDGE('',*,*,#1929,.T.);
#2611=ORIENTED_EDGE('',*,*,#1931,.F.);
#2612=ORIENTED_EDGE('',*,*,#1932,.F.);
#2613=ORIENTED_EDGE('',*,*,#1933,.T.);
#2614=ORIENTED_EDGE('',*,*,#1932,.T.);
#2615=ORIENTED_EDGE('',*,*,#1934,.F.);
#2616=ORIENTED_EDGE('',*,*,#1935,.F.);
#2617=ORIENTED_EDGE('',*,*,#1936,.T.);
#2618=ORIENTED_EDGE('',*,*,#1935,.T.);
#2619=ORIENTED_EDGE('',*,*,#1937,.F.);
#2620=ORIENTED_EDGE('',*,*,#1938,.F.);
#2621=ORIENTED_EDGE('',*,*,#1939,.T.);
#2622=ORIENTED_EDGE('',*,*,#1938,.T.);
#2623=ORIENTED_EDGE('',*,*,#1940,.F.);
#2624=ORIENTED_EDGE('',*,*,#1941,.F.);
#2625=ORIENTED_EDGE('',*,*,#1942,.T.);
#2626=ORIENTED_EDGE('',*,*,#1941,.T.);
#2627=ORIENTED_EDGE('',*,*,#1943,.F.);
#2628=ORIENTED_EDGE('',*,*,#1944,.F.);
#2629=ORIENTED_EDGE('',*,*,#1945,.T.);
#2630=ORIENTED_EDGE('',*,*,#1944,.T.);
#2631=ORIENTED_EDGE('',*,*,#1946,.F.);
#2632=ORIENTED_EDGE('',*,*,#1947,.F.);
#2633=ORIENTED_EDGE('',*,*,#1948,.T.);
#2634=ORIENTED_EDGE('',*,*,#1947,.T.);
#2635=ORIENTED_EDGE('',*,*,#1949,.F.);
#2636=ORIENTED_EDGE('',*,*,#1950,.F.);
#2637=ORIENTED_EDGE('',*,*,#1951,.T.);
#2638=ORIENTED_EDGE('',*,*,#1950,.T.);
#2639=ORIENTED_EDGE('',*,*,#1952,.F.);
#2640=ORIENTED_EDGE('',*,*,#1953,.F.);
#2641=ORIENTED_EDGE('',*,*,#1954,.T.);
#2642=ORIENTED_EDGE('',*,*,#1955,.T.);
#2643=ORIENTED_EDGE('',*,*,#1956,.T.);
#2644=ORIENTED_EDGE('',*,*,#1957,.T.);
#2645=ORIENTED_EDGE('',*,*,#1958,.T.);
#2646=ORIENTED_EDGE('',*,*,#1959,.T.);
#2647=ORIENTED_EDGE('',*,*,#1960,.T.);
#2648=ORIENTED_EDGE('',*,*,#1961,.T.);
#2649=ORIENTED_EDGE('',*,*,#1962,.T.);
#2650=ORIENTED_EDGE('',*,*,#1963,.T.);
#2651=ORIENTED_EDGE('',*,*,#1964,.T.);
#2652=ORIENTED_EDGE('',*,*,#1965,.T.);
#2653=ORIENTED_EDGE('',*,*,#1966,.T.);
#2654=ORIENTED_EDGE('',*,*,#1967,.T.);
#2655=ORIENTED_EDGE('',*,*,#1968,.T.);
#2656=ORIENTED_EDGE('',*,*,#1969,.T.);
#2657=ORIENTED_EDGE('',*,*,#1970,.T.);
#2658=ORIENTED_EDGE('',*,*,#1971,.T.);
#2659=ORIENTED_EDGE('',*,*,#1945,.F.);
#2660=ORIENTED_EDGE('',*,*,#1948,.F.);
#2661=ORIENTED_EDGE('',*,*,#1951,.F.);
#2662=ORIENTED_EDGE('',*,*,#1972,.F.);
#2663=ORIENTED_EDGE('',*,*,#1973,.T.);
#2664=ORIENTED_EDGE('',*,*,#1974,.F.);
#2665=ORIENTED_EDGE('',*,*,#1923,.F.);
#2666=ORIENTED_EDGE('',*,*,#1927,.F.);
#2667=ORIENTED_EDGE('',*,*,#1930,.F.);
#2668=ORIENTED_EDGE('',*,*,#1933,.F.);
#2669=ORIENTED_EDGE('',*,*,#1936,.F.);
#2670=ORIENTED_EDGE('',*,*,#1939,.F.);
#2671=ORIENTED_EDGE('',*,*,#1942,.F.);
#2672=ORIENTED_EDGE('',*,*,#1975,.T.);
#2673=ORIENTED_EDGE('',*,*,#1976,.T.);
#2674=ORIENTED_EDGE('',*,*,#1977,.T.);
#2675=ORIENTED_EDGE('',*,*,#1978,.T.);
#2676=ORIENTED_EDGE('',*,*,#1979,.T.);
#2677=ORIENTED_EDGE('',*,*,#1980,.T.);
#2678=ORIENTED_EDGE('',*,*,#1981,.T.);
#2679=ORIENTED_EDGE('',*,*,#1982,.T.);
#2680=ORIENTED_EDGE('',*,*,#1983,.T.);
#2681=ORIENTED_EDGE('',*,*,#1984,.T.);
#2682=ORIENTED_EDGE('',*,*,#1985,.T.);
#2683=ORIENTED_EDGE('',*,*,#1986,.F.);
#2684=ORIENTED_EDGE('',*,*,#1974,.T.);
#2685=ORIENTED_EDGE('',*,*,#1987,.T.);
#2686=ORIENTED_EDGE('',*,*,#1988,.F.);
#2687=ORIENTED_EDGE('',*,*,#1924,.F.);
#2688=ORIENTED_EDGE('',*,*,#1989,.T.);
#2689=ORIENTED_EDGE('',*,*,#1990,.T.);
#2690=ORIENTED_EDGE('',*,*,#1952,.T.);
#2691=ORIENTED_EDGE('',*,*,#1949,.T.);
#2692=ORIENTED_EDGE('',*,*,#1946,.T.);
#2693=ORIENTED_EDGE('',*,*,#1943,.T.);
#2694=ORIENTED_EDGE('',*,*,#1940,.T.);
#2695=ORIENTED_EDGE('',*,*,#1937,.T.);
#2696=ORIENTED_EDGE('',*,*,#1934,.T.);
#2697=ORIENTED_EDGE('',*,*,#1931,.T.);
#2698=ORIENTED_EDGE('',*,*,#1928,.T.);
#2699=ORIENTED_EDGE('',*,*,#1925,.T.);
#2700=ORIENTED_EDGE('',*,*,#1988,.T.);
#2701=ORIENTED_EDGE('',*,*,#1991,.T.);
#2702=ORIENTED_EDGE('',*,*,#1992,.T.);
#2703=ORIENTED_EDGE('',*,*,#1993,.T.);
#2704=ORIENTED_EDGE('',*,*,#1994,.T.);
#2705=ORIENTED_EDGE('',*,*,#1995,.T.);
#2706=ORIENTED_EDGE('',*,*,#1996,.T.);
#2707=ORIENTED_EDGE('',*,*,#1997,.T.);
#2708=ORIENTED_EDGE('',*,*,#1998,.T.);
#2709=ORIENTED_EDGE('',*,*,#1999,.T.);
#2710=ORIENTED_EDGE('',*,*,#2000,.T.);
#2711=ORIENTED_EDGE('',*,*,#2001,.T.);
#2712=ORIENTED_EDGE('',*,*,#2002,.T.);
#2713=ORIENTED_EDGE('',*,*,#2003,.T.);
#2714=ORIENTED_EDGE('',*,*,#1972,.T.);
#2715=ORIENTED_EDGE('',*,*,#1953,.T.);
#2716=ORIENTED_EDGE('',*,*,#1990,.F.);
#2717=ORIENTED_EDGE('',*,*,#2004,.F.);
#2718=ORIENTED_EDGE('',*,*,#2005,.T.);
#2719=ORIENTED_EDGE('',*,*,#1973,.F.);
#2720=ORIENTED_EDGE('',*,*,#2006,.T.);
#2721=ORIENTED_EDGE('',*,*,#2007,.T.);
#2722=ORIENTED_EDGE('',*,*,#2008,.F.);
#2723=ORIENTED_EDGE('',*,*,#2009,.F.);
#2724=ORIENTED_EDGE('',*,*,#2007,.F.);
#2725=ORIENTED_EDGE('',*,*,#2010,.T.);
#2726=ORIENTED_EDGE('',*,*,#1954,.F.);
#2727=ORIENTED_EDGE('',*,*,#2011,.T.);
#2728=ORIENTED_EDGE('',*,*,#2012,.F.);
#2729=ORIENTED_EDGE('',*,*,#2011,.F.);
#2730=ORIENTED_EDGE('',*,*,#1955,.F.);
#2731=ORIENTED_EDGE('',*,*,#2013,.T.);
#2732=ORIENTED_EDGE('',*,*,#2014,.F.);
#2733=ORIENTED_EDGE('',*,*,#2013,.F.);
#2734=ORIENTED_EDGE('',*,*,#1956,.F.);
#2735=ORIENTED_EDGE('',*,*,#2015,.T.);
#2736=ORIENTED_EDGE('',*,*,#2016,.F.);
#2737=ORIENTED_EDGE('',*,*,#2015,.F.);
#2738=ORIENTED_EDGE('',*,*,#1957,.F.);
#2739=ORIENTED_EDGE('',*,*,#2017,.T.);
#2740=ORIENTED_EDGE('',*,*,#2018,.F.);
#2741=ORIENTED_EDGE('',*,*,#2017,.F.);
#2742=ORIENTED_EDGE('',*,*,#1958,.F.);
#2743=ORIENTED_EDGE('',*,*,#2019,.T.);
#2744=ORIENTED_EDGE('',*,*,#2020,.F.);
#2745=ORIENTED_EDGE('',*,*,#2019,.F.);
#2746=ORIENTED_EDGE('',*,*,#1959,.F.);
#2747=ORIENTED_EDGE('',*,*,#2021,.T.);
#2748=ORIENTED_EDGE('',*,*,#2022,.F.);
#2749=ORIENTED_EDGE('',*,*,#2021,.F.);
#2750=ORIENTED_EDGE('',*,*,#2023,.F.);
#2751=ORIENTED_EDGE('',*,*,#2024,.T.);
#2752=ORIENTED_EDGE('',*,*,#1981,.F.);
#2753=ORIENTED_EDGE('',*,*,#2025,.F.);
#2754=ORIENTED_EDGE('',*,*,#2026,.F.);
#2755=ORIENTED_EDGE('',*,*,#2027,.T.);
#2756=ORIENTED_EDGE('',*,*,#1982,.F.);
#2757=ORIENTED_EDGE('',*,*,#2024,.F.);
#2758=ORIENTED_EDGE('',*,*,#2028,.F.);
#2759=ORIENTED_EDGE('',*,*,#2029,.T.);
#2760=ORIENTED_EDGE('',*,*,#1983,.F.);
#2761=ORIENTED_EDGE('',*,*,#2027,.F.);
#2762=ORIENTED_EDGE('',*,*,#2030,.F.);
#2763=ORIENTED_EDGE('',*,*,#2031,.T.);
#2764=ORIENTED_EDGE('',*,*,#1985,.F.);
#2765=ORIENTED_EDGE('',*,*,#2032,.F.);
#2766=ORIENTED_EDGE('',*,*,#2033,.F.);
#2767=ORIENTED_EDGE('',*,*,#2034,.T.);
#2768=ORIENTED_EDGE('',*,*,#1975,.F.);
#2769=ORIENTED_EDGE('',*,*,#2031,.F.);
#2770=ORIENTED_EDGE('',*,*,#2035,.F.);
#2771=ORIENTED_EDGE('',*,*,#2036,.T.);
#2772=ORIENTED_EDGE('',*,*,#1976,.F.);
#2773=ORIENTED_EDGE('',*,*,#2034,.F.);
#2774=ORIENTED_EDGE('',*,*,#2037,.F.);
#2775=ORIENTED_EDGE('',*,*,#2038,.T.);
#2776=ORIENTED_EDGE('',*,*,#1977,.F.);
#2777=ORIENTED_EDGE('',*,*,#2036,.F.);
#2778=ORIENTED_EDGE('',*,*,#2039,.F.);
#2779=ORIENTED_EDGE('',*,*,#2040,.T.);
#2780=ORIENTED_EDGE('',*,*,#1978,.F.);
#2781=ORIENTED_EDGE('',*,*,#2038,.F.);
#2782=ORIENTED_EDGE('',*,*,#2041,.F.);
#2783=ORIENTED_EDGE('',*,*,#2042,.T.);
#2784=ORIENTED_EDGE('',*,*,#1979,.F.);
#2785=ORIENTED_EDGE('',*,*,#2040,.F.);
#2786=ORIENTED_EDGE('',*,*,#2043,.T.);
#2787=ORIENTED_EDGE('',*,*,#2008,.T.);
#2788=ORIENTED_EDGE('',*,*,#2044,.T.);
#2789=ORIENTED_EDGE('',*,*,#2045,.F.);
#2790=ORIENTED_EDGE('',*,*,#2025,.T.);
#2791=ORIENTED_EDGE('',*,*,#1980,.F.);
#2792=ORIENTED_EDGE('',*,*,#2042,.F.);
#2793=ORIENTED_EDGE('',*,*,#2046,.F.);
#2794=ORIENTED_EDGE('',*,*,#1960,.F.);
#2795=ORIENTED_EDGE('',*,*,#2047,.T.);
#2796=ORIENTED_EDGE('',*,*,#2048,.F.);
#2797=ORIENTED_EDGE('',*,*,#2047,.F.);
#2798=ORIENTED_EDGE('',*,*,#1961,.F.);
#2799=ORIENTED_EDGE('',*,*,#2049,.T.);
#2800=ORIENTED_EDGE('',*,*,#2050,.F.);
#2801=ORIENTED_EDGE('',*,*,#2049,.F.);
#2802=ORIENTED_EDGE('',*,*,#2051,.T.);
#2803=ORIENTED_EDGE('',*,*,#2052,.F.);
#2804=ORIENTED_EDGE('',*,*,#2053,.T.);
#2805=ORIENTED_EDGE('',*,*,#1963,.F.);
#2806=ORIENTED_EDGE('',*,*,#2054,.F.);
#2807=ORIENTED_EDGE('',*,*,#2055,.T.);
#2808=ORIENTED_EDGE('',*,*,#1964,.F.);
#2809=ORIENTED_EDGE('',*,*,#2053,.F.);
#2810=ORIENTED_EDGE('',*,*,#2056,.F.);
#2811=ORIENTED_EDGE('',*,*,#2057,.T.);
#2812=ORIENTED_EDGE('',*,*,#1965,.F.);
#2813=ORIENTED_EDGE('',*,*,#2055,.F.);
#2814=ORIENTED_EDGE('',*,*,#2058,.F.);
#2815=ORIENTED_EDGE('',*,*,#2059,.T.);
#2816=ORIENTED_EDGE('',*,*,#1966,.F.);
#2817=ORIENTED_EDGE('',*,*,#2057,.F.);
#2818=ORIENTED_EDGE('',*,*,#2060,.T.);
#2819=ORIENTED_EDGE('',*,*,#1967,.F.);
#2820=ORIENTED_EDGE('',*,*,#2059,.F.);
#2821=ORIENTED_EDGE('',*,*,#2061,.F.);
#2822=ORIENTED_EDGE('',*,*,#1968,.F.);
#2823=ORIENTED_EDGE('',*,*,#2060,.F.);
#2824=ORIENTED_EDGE('',*,*,#2062,.T.);
#2825=ORIENTED_EDGE('',*,*,#2063,.F.);
#2826=ORIENTED_EDGE('',*,*,#2063,.T.);
#2827=ORIENTED_EDGE('',*,*,#2064,.F.);
#2828=ORIENTED_EDGE('',*,*,#2065,.T.);
#2829=ORIENTED_EDGE('',*,*,#1969,.F.);
#2830=ORIENTED_EDGE('',*,*,#2066,.F.);
#2831=ORIENTED_EDGE('',*,*,#2067,.T.);
#2832=ORIENTED_EDGE('',*,*,#1970,.F.);
#2833=ORIENTED_EDGE('',*,*,#2065,.F.);
#2834=ORIENTED_EDGE('',*,*,#2068,.F.);
#2835=ORIENTED_EDGE('',*,*,#2069,.T.);
#2836=ORIENTED_EDGE('',*,*,#1971,.F.);
#2837=ORIENTED_EDGE('',*,*,#2067,.F.);
#2838=ORIENTED_EDGE('',*,*,#2070,.F.);
#2839=ORIENTED_EDGE('',*,*,#2051,.F.);
#2840=ORIENTED_EDGE('',*,*,#1962,.F.);
#2841=ORIENTED_EDGE('',*,*,#2069,.F.);
#2842=ORIENTED_EDGE('',*,*,#2071,.F.);
#2843=ORIENTED_EDGE('',*,*,#2032,.T.);
#2844=ORIENTED_EDGE('',*,*,#1984,.F.);
#2845=ORIENTED_EDGE('',*,*,#2029,.F.);
#2846=ORIENTED_EDGE('',*,*,#2072,.T.);
#2847=ORIENTED_EDGE('',*,*,#2073,.T.);
#2848=ORIENTED_EDGE('',*,*,#2074,.T.);
#2849=ORIENTED_EDGE('',*,*,#2075,.T.);
#2850=ORIENTED_EDGE('',*,*,#2076,.F.);
#2851=ORIENTED_EDGE('',*,*,#2077,.T.);
#2852=ORIENTED_EDGE('',*,*,#2001,.F.);
#2853=ORIENTED_EDGE('',*,*,#2078,.F.);
#2854=ORIENTED_EDGE('',*,*,#2079,.F.);
#2855=ORIENTED_EDGE('',*,*,#2080,.T.);
#2856=ORIENTED_EDGE('',*,*,#2002,.F.);
#2857=ORIENTED_EDGE('',*,*,#2077,.F.);
#2858=ORIENTED_EDGE('',*,*,#2081,.F.);
#2859=ORIENTED_EDGE('',*,*,#2082,.T.);
#2860=ORIENTED_EDGE('',*,*,#2003,.F.);
#2861=ORIENTED_EDGE('',*,*,#2080,.F.);
#2862=ORIENTED_EDGE('',*,*,#2083,.T.);
#2863=ORIENTED_EDGE('',*,*,#2084,.F.);
#2864=ORIENTED_EDGE('',*,*,#2085,.T.);
#2865=ORIENTED_EDGE('',*,*,#2086,.F.);
#2866=ORIENTED_EDGE('',*,*,#2087,.F.);
#2867=ORIENTED_EDGE('',*,*,#2088,.T.);
#2868=ORIENTED_EDGE('',*,*,#1992,.F.);
#2869=ORIENTED_EDGE('',*,*,#2089,.F.);
#2870=ORIENTED_EDGE('',*,*,#2090,.F.);
#2871=ORIENTED_EDGE('',*,*,#2091,.T.);
#2872=ORIENTED_EDGE('',*,*,#1993,.F.);
#2873=ORIENTED_EDGE('',*,*,#2088,.F.);
#2874=ORIENTED_EDGE('',*,*,#2092,.F.);
#2875=ORIENTED_EDGE('',*,*,#2093,.T.);
#2876=ORIENTED_EDGE('',*,*,#1994,.F.);
#2877=ORIENTED_EDGE('',*,*,#2091,.F.);
#2878=ORIENTED_EDGE('',*,*,#2094,.F.);
#2879=ORIENTED_EDGE('',*,*,#2095,.T.);
#2880=ORIENTED_EDGE('',*,*,#1995,.F.);
#2881=ORIENTED_EDGE('',*,*,#2093,.F.);
#2882=ORIENTED_EDGE('',*,*,#2096,.F.);
#2883=ORIENTED_EDGE('',*,*,#2097,.T.);
#2884=ORIENTED_EDGE('',*,*,#1996,.F.);
#2885=ORIENTED_EDGE('',*,*,#2095,.F.);
#2886=ORIENTED_EDGE('',*,*,#2098,.F.);
#2887=ORIENTED_EDGE('',*,*,#2099,.T.);
#2888=ORIENTED_EDGE('',*,*,#1997,.F.);
#2889=ORIENTED_EDGE('',*,*,#2097,.F.);
#2890=ORIENTED_EDGE('',*,*,#2100,.F.);
#2891=ORIENTED_EDGE('',*,*,#2101,.T.);
#2892=ORIENTED_EDGE('',*,*,#1998,.F.);
#2893=ORIENTED_EDGE('',*,*,#2099,.F.);
#2894=ORIENTED_EDGE('',*,*,#2102,.F.);
#2895=ORIENTED_EDGE('',*,*,#2103,.T.);
#2896=ORIENTED_EDGE('',*,*,#1999,.F.);
#2897=ORIENTED_EDGE('',*,*,#2101,.F.);
#2898=ORIENTED_EDGE('',*,*,#2104,.F.);
#2899=ORIENTED_EDGE('',*,*,#2078,.T.);
#2900=ORIENTED_EDGE('',*,*,#2000,.F.);
#2901=ORIENTED_EDGE('',*,*,#2103,.F.);
#2902=ORIENTED_EDGE('',*,*,#2105,.F.);
#2903=ORIENTED_EDGE('',*,*,#2106,.T.);
#2904=ORIENTED_EDGE('',*,*,#1986,.T.);
#2905=ORIENTED_EDGE('',*,*,#2106,.F.);
#2906=ORIENTED_EDGE('',*,*,#2043,.F.);
#2907=ORIENTED_EDGE('',*,*,#2107,.F.);
#2908=ORIENTED_EDGE('',*,*,#2108,.F.);
#2909=ORIENTED_EDGE('',*,*,#2109,.T.);
#2910=ORIENTED_EDGE('',*,*,#2085,.F.);
#2911=ORIENTED_EDGE('',*,*,#2089,.T.);
#2912=ORIENTED_EDGE('',*,*,#1991,.F.);
#2913=ORIENTED_EDGE('',*,*,#1987,.F.);
#2914=ORIENTED_EDGE('',*,*,#2005,.F.);
#2915=ORIENTED_EDGE('',*,*,#2009,.T.);
#2916=ORIENTED_EDGE('',*,*,#2086,.T.);
#2917=ORIENTED_EDGE('',*,*,#2109,.F.);
#2918=ORIENTED_EDGE('',*,*,#2110,.F.);
#2919=ORIENTED_EDGE('',*,*,#2111,.T.);
#2920=ORIENTED_EDGE('',*,*,#2044,.F.);
#2921=ORIENTED_EDGE('',*,*,#2010,.F.);
#2922=ORIENTED_EDGE('',*,*,#2006,.F.);
#2923=ORIENTED_EDGE('',*,*,#2004,.T.);
#2924=ORIENTED_EDGE('',*,*,#1989,.F.);
#2925=ORIENTED_EDGE('',*,*,#2082,.F.);
#2926=ORIENTED_EDGE('',*,*,#2083,.F.);
#2927=ORIENTED_EDGE('',*,*,#2111,.F.);
#2928=ORIENTED_EDGE('',*,*,#2112,.F.);
#2929=ORIENTED_EDGE('',*,*,#2113,.T.);
#2930=ORIENTED_EDGE('',*,*,#2046,.T.);
#2931=ORIENTED_EDGE('',*,*,#2041,.T.);
#2932=ORIENTED_EDGE('',*,*,#2039,.T.);
#2933=ORIENTED_EDGE('',*,*,#2037,.T.);
#2934=ORIENTED_EDGE('',*,*,#2035,.T.);
#2935=ORIENTED_EDGE('',*,*,#2033,.T.);
#2936=ORIENTED_EDGE('',*,*,#2030,.T.);
#2937=ORIENTED_EDGE('',*,*,#2071,.T.);
#2938=ORIENTED_EDGE('',*,*,#2028,.T.);
#2939=ORIENTED_EDGE('',*,*,#2026,.T.);
#2940=ORIENTED_EDGE('',*,*,#2023,.T.);
#2941=ORIENTED_EDGE('',*,*,#2045,.T.);
#2942=ORIENTED_EDGE('',*,*,#2113,.F.);
#2943=ORIENTED_EDGE('',*,*,#2114,.F.);
#2944=ORIENTED_EDGE('',*,*,#2107,.T.);
#2945=ORIENTED_EDGE('',*,*,#1895,.T.);
#2946=ORIENTED_EDGE('',*,*,#1907,.T.);
#2947=ORIENTED_EDGE('',*,*,#1919,.T.);
#2948=ORIENTED_EDGE('',*,*,#2070,.T.);
#2949=ORIENTED_EDGE('',*,*,#2068,.T.);
#2950=ORIENTED_EDGE('',*,*,#2066,.T.);
#2951=ORIENTED_EDGE('',*,*,#2064,.T.);
#2952=ORIENTED_EDGE('',*,*,#2062,.F.);
#2953=ORIENTED_EDGE('',*,*,#2061,.T.);
#2954=ORIENTED_EDGE('',*,*,#2058,.T.);
#2955=ORIENTED_EDGE('',*,*,#2056,.T.);
#2956=ORIENTED_EDGE('',*,*,#2054,.T.);
#2957=ORIENTED_EDGE('',*,*,#2052,.T.);
#2958=ORIENTED_EDGE('',*,*,#2050,.T.);
#2959=ORIENTED_EDGE('',*,*,#2048,.T.);
#2960=ORIENTED_EDGE('',*,*,#2022,.T.);
#2961=ORIENTED_EDGE('',*,*,#2020,.T.);
#2962=ORIENTED_EDGE('',*,*,#2018,.T.);
#2963=ORIENTED_EDGE('',*,*,#2016,.T.);
#2964=ORIENTED_EDGE('',*,*,#2014,.T.);
#2965=ORIENTED_EDGE('',*,*,#2012,.T.);
#2966=ORIENTED_EDGE('',*,*,#1913,.T.);
#2967=ORIENTED_EDGE('',*,*,#1901,.T.);
#2968=ORIENTED_EDGE('',*,*,#1889,.T.);
#2969=ORIENTED_EDGE('',*,*,#2073,.F.);
#2970=ORIENTED_EDGE('',*,*,#2115,.F.);
#2971=ORIENTED_EDGE('',*,*,#2116,.F.);
#2972=ORIENTED_EDGE('',*,*,#2117,.T.);
#2973=ORIENTED_EDGE('',*,*,#2074,.F.);
#2974=ORIENTED_EDGE('',*,*,#2117,.F.);
#2975=ORIENTED_EDGE('',*,*,#2118,.F.);
#2976=ORIENTED_EDGE('',*,*,#2119,.T.);
#2977=ORIENTED_EDGE('',*,*,#2075,.F.);
#2978=ORIENTED_EDGE('',*,*,#2119,.F.);
#2979=ORIENTED_EDGE('',*,*,#2120,.F.);
#2980=ORIENTED_EDGE('',*,*,#2121,.T.);
#2981=ORIENTED_EDGE('',*,*,#2072,.F.);
#2982=ORIENTED_EDGE('',*,*,#2121,.F.);
#2983=ORIENTED_EDGE('',*,*,#2122,.F.);
#2984=ORIENTED_EDGE('',*,*,#2115,.T.);
#2985=ORIENTED_EDGE('',*,*,#2123,.T.);
#2986=ORIENTED_EDGE('',*,*,#2124,.T.);
#2987=ORIENTED_EDGE('',*,*,#2125,.T.);
#2988=ORIENTED_EDGE('',*,*,#2126,.T.);
#2989=ORIENTED_EDGE('',*,*,#2127,.T.);
#2990=ORIENTED_EDGE('',*,*,#2128,.T.);
#2991=ORIENTED_EDGE('',*,*,#2129,.T.);
#2992=ORIENTED_EDGE('',*,*,#2130,.T.);
#2993=ORIENTED_EDGE('',*,*,#2131,.T.);
#2994=ORIENTED_EDGE('',*,*,#2132,.T.);
#2995=ORIENTED_EDGE('',*,*,#2133,.T.);
#2996=ORIENTED_EDGE('',*,*,#2104,.T.);
#2997=ORIENTED_EDGE('',*,*,#2102,.T.);
#2998=ORIENTED_EDGE('',*,*,#2100,.T.);
#2999=ORIENTED_EDGE('',*,*,#2098,.T.);
#3000=ORIENTED_EDGE('',*,*,#2096,.T.);
#3001=ORIENTED_EDGE('',*,*,#2094,.T.);
#3002=ORIENTED_EDGE('',*,*,#2092,.T.);
#3003=ORIENTED_EDGE('',*,*,#2090,.T.);
#3004=ORIENTED_EDGE('',*,*,#2087,.T.);
#3005=ORIENTED_EDGE('',*,*,#2084,.T.);
#3006=ORIENTED_EDGE('',*,*,#2081,.T.);
#3007=ORIENTED_EDGE('',*,*,#2079,.T.);
#3008=ORIENTED_EDGE('',*,*,#2076,.T.);
#3009=ORIENTED_EDGE('',*,*,#2134,.F.);
#3010=ORIENTED_EDGE('',*,*,#2105,.T.);
#3011=ORIENTED_EDGE('',*,*,#2135,.F.);
#3012=ORIENTED_EDGE('',*,*,#2136,.F.);
#3013=ORIENTED_EDGE('',*,*,#2137,.F.);
#3014=ORIENTED_EDGE('',*,*,#2138,.T.);
#3015=ORIENTED_EDGE('',*,*,#2124,.F.);
#3016=ORIENTED_EDGE('',*,*,#2139,.F.);
#3017=ORIENTED_EDGE('',*,*,#2140,.T.);
#3018=ORIENTED_EDGE('',*,*,#2141,.T.);
#3019=ORIENTED_EDGE('',*,*,#2125,.F.);
#3020=ORIENTED_EDGE('',*,*,#2138,.F.);
#3021=ORIENTED_EDGE('',*,*,#2142,.F.);
#3022=ORIENTED_EDGE('',*,*,#2143,.T.);
#3023=ORIENTED_EDGE('',*,*,#2126,.F.);
#3024=ORIENTED_EDGE('',*,*,#2141,.F.);
#3025=ORIENTED_EDGE('',*,*,#2114,.T.);
#3026=ORIENTED_EDGE('',*,*,#2112,.T.);
#3027=ORIENTED_EDGE('',*,*,#2110,.T.);
#3028=ORIENTED_EDGE('',*,*,#2108,.T.);
#3029=ORIENTED_EDGE('',*,*,#2144,.F.);
#3030=ORIENTED_EDGE('',*,*,#2145,.T.);
#3031=ORIENTED_EDGE('',*,*,#2127,.F.);
#3032=ORIENTED_EDGE('',*,*,#2143,.F.);
#3033=ORIENTED_EDGE('',*,*,#2146,.T.);
#3034=ORIENTED_EDGE('',*,*,#2147,.T.);
#3035=ORIENTED_EDGE('',*,*,#2128,.F.);
#3036=ORIENTED_EDGE('',*,*,#2145,.F.);
#3037=ORIENTED_EDGE('',*,*,#2148,.F.);
#3038=ORIENTED_EDGE('',*,*,#2149,.T.);
#3039=ORIENTED_EDGE('',*,*,#2129,.F.);
#3040=ORIENTED_EDGE('',*,*,#2147,.F.);
#3041=ORIENTED_EDGE('',*,*,#2150,.T.);
#3042=ORIENTED_EDGE('',*,*,#2151,.T.);
#3043=ORIENTED_EDGE('',*,*,#2130,.F.);
#3044=ORIENTED_EDGE('',*,*,#2149,.F.);
#3045=ORIENTED_EDGE('',*,*,#2152,.F.);
#3046=ORIENTED_EDGE('',*,*,#2153,.T.);
#3047=ORIENTED_EDGE('',*,*,#2131,.F.);
#3048=ORIENTED_EDGE('',*,*,#2151,.F.);
#3049=ORIENTED_EDGE('',*,*,#2154,.T.);
#3050=ORIENTED_EDGE('',*,*,#2155,.T.);
#3051=ORIENTED_EDGE('',*,*,#2132,.F.);
#3052=ORIENTED_EDGE('',*,*,#2153,.F.);
#3053=ORIENTED_EDGE('',*,*,#2156,.F.);
#3054=ORIENTED_EDGE('',*,*,#2157,.T.);
#3055=ORIENTED_EDGE('',*,*,#2133,.F.);
#3056=ORIENTED_EDGE('',*,*,#2155,.F.);
#3057=ORIENTED_EDGE('',*,*,#2122,.T.);
#3058=ORIENTED_EDGE('',*,*,#2120,.T.);
#3059=ORIENTED_EDGE('',*,*,#2118,.T.);
#3060=ORIENTED_EDGE('',*,*,#2116,.T.);
#3061=ORIENTED_EDGE('',*,*,#2158,.T.);
#3062=ORIENTED_EDGE('',*,*,#2139,.T.);
#3063=ORIENTED_EDGE('',*,*,#2123,.F.);
#3064=ORIENTED_EDGE('',*,*,#2157,.F.);
#3065=ORIENTED_EDGE('',*,*,#2159,.F.);
#3066=ORIENTED_EDGE('',*,*,#2160,.T.);
#3067=ORIENTED_EDGE('',*,*,#2134,.T.);
#3068=ORIENTED_EDGE('',*,*,#2160,.F.);
#3069=ORIENTED_EDGE('',*,*,#2161,.F.);
#3070=ORIENTED_EDGE('',*,*,#2162,.T.);
#3071=ORIENTED_EDGE('',*,*,#2135,.T.);
#3072=ORIENTED_EDGE('',*,*,#2162,.F.);
#3073=ORIENTED_EDGE('',*,*,#2163,.F.);
#3074=ORIENTED_EDGE('',*,*,#2164,.T.);
#3075=ORIENTED_EDGE('',*,*,#2136,.T.);
#3076=ORIENTED_EDGE('',*,*,#2164,.F.);
#3077=ORIENTED_EDGE('',*,*,#2158,.F.);
#3078=ORIENTED_EDGE('',*,*,#2156,.T.);
#3079=ORIENTED_EDGE('',*,*,#2154,.F.);
#3080=ORIENTED_EDGE('',*,*,#2152,.T.);
#3081=ORIENTED_EDGE('',*,*,#2150,.F.);
#3082=ORIENTED_EDGE('',*,*,#2148,.T.);
#3083=ORIENTED_EDGE('',*,*,#2146,.F.);
#3084=ORIENTED_EDGE('',*,*,#2144,.T.);
#3085=ORIENTED_EDGE('',*,*,#2142,.T.);
#3086=ORIENTED_EDGE('',*,*,#2140,.F.);
#3087=ORIENTED_EDGE('',*,*,#2137,.T.);
#3088=ORIENTED_EDGE('',*,*,#1920,.T.);
#3089=ORIENTED_EDGE('',*,*,#2163,.T.);
#3090=ORIENTED_EDGE('',*,*,#2161,.T.);
#3091=ORIENTED_EDGE('',*,*,#2159,.T.);
#3092=ORIENTED_EDGE('',*,*,#1922,.F.);
#3093=ORIENTED_EDGE('',*,*,#2165,.F.);
#3094=ORIENTED_EDGE('',*,*,#2166,.T.);
#3095=ORIENTED_EDGE('',*,*,#2167,.T.);
#3096=ORIENTED_EDGE('',*,*,#2168,.F.);
#3097=ORIENTED_EDGE('',*,*,#2169,.F.);
#3098=ORIENTED_EDGE('',*,*,#2170,.T.);
#3099=ORIENTED_EDGE('',*,*,#2171,.T.);
#3100=ORIENTED_EDGE('',*,*,#2166,.F.);
#3101=ORIENTED_EDGE('',*,*,#2172,.F.);
#3102=ORIENTED_EDGE('',*,*,#2173,.T.);
#3103=ORIENTED_EDGE('',*,*,#2174,.T.);
#3104=ORIENTED_EDGE('',*,*,#2170,.F.);
#3105=ORIENTED_EDGE('',*,*,#2175,.F.);
#3106=ORIENTED_EDGE('',*,*,#2176,.T.);
#3107=ORIENTED_EDGE('',*,*,#2177,.T.);
#3108=ORIENTED_EDGE('',*,*,#2173,.F.);
#3109=ORIENTED_EDGE('',*,*,#2178,.F.);
#3110=ORIENTED_EDGE('',*,*,#2179,.F.);
#3111=ORIENTED_EDGE('',*,*,#2180,.T.);
#3112=ORIENTED_EDGE('',*,*,#2176,.F.);
#3113=ORIENTED_EDGE('',*,*,#2181,.F.);
#3114=ORIENTED_EDGE('',*,*,#2182,.F.);
#3115=ORIENTED_EDGE('',*,*,#2183,.F.);
#3116=ORIENTED_EDGE('',*,*,#2184,.F.);
#3117=ORIENTED_EDGE('',*,*,#2185,.F.);
#3118=ORIENTED_EDGE('',*,*,#2186,.F.);
#3119=ORIENTED_EDGE('',*,*,#2187,.F.);
#3120=ORIENTED_EDGE('',*,*,#2167,.F.);
#3121=ORIENTED_EDGE('',*,*,#2171,.F.);
#3122=ORIENTED_EDGE('',*,*,#2174,.F.);
#3123=ORIENTED_EDGE('',*,*,#2177,.F.);
#3124=ORIENTED_EDGE('',*,*,#2180,.F.);
#3125=ORIENTED_EDGE('',*,*,#2186,.T.);
#3126=ORIENTED_EDGE('',*,*,#2188,.F.);
#3127=ORIENTED_EDGE('',*,*,#2189,.F.);
#3128=ORIENTED_EDGE('',*,*,#2190,.T.);
#3129=ORIENTED_EDGE('',*,*,#2185,.T.);
#3130=ORIENTED_EDGE('',*,*,#2191,.F.);
#3131=ORIENTED_EDGE('',*,*,#2192,.T.);
#3132=ORIENTED_EDGE('',*,*,#2188,.T.);
#3133=ORIENTED_EDGE('',*,*,#2184,.T.);
#3134=ORIENTED_EDGE('',*,*,#2193,.F.);
#3135=ORIENTED_EDGE('',*,*,#2194,.F.);
#3136=ORIENTED_EDGE('',*,*,#2191,.T.);
#3137=ORIENTED_EDGE('',*,*,#2183,.T.);
#3138=ORIENTED_EDGE('',*,*,#2195,.F.);
#3139=ORIENTED_EDGE('',*,*,#2196,.F.);
#3140=ORIENTED_EDGE('',*,*,#2193,.T.);
#3141=ORIENTED_EDGE('',*,*,#2182,.T.);
#3142=ORIENTED_EDGE('',*,*,#2197,.F.);
#3143=ORIENTED_EDGE('',*,*,#2198,.F.);
#3144=ORIENTED_EDGE('',*,*,#2195,.T.);
#3145=ORIENTED_EDGE('',*,*,#2181,.T.);
#3146=ORIENTED_EDGE('',*,*,#2179,.T.);
#3147=ORIENTED_EDGE('',*,*,#2199,.F.);
#3148=ORIENTED_EDGE('',*,*,#2200,.F.);
#3149=ORIENTED_EDGE('',*,*,#2201,.F.);
#3150=ORIENTED_EDGE('',*,*,#2197,.T.);
#3151=ORIENTED_EDGE('',*,*,#2200,.T.);
#3152=ORIENTED_EDGE('',*,*,#2202,.F.);
#3153=ORIENTED_EDGE('',*,*,#2203,.F.);
#3154=ORIENTED_EDGE('',*,*,#2204,.F.);
#3155=ORIENTED_EDGE('',*,*,#2187,.T.);
#3156=ORIENTED_EDGE('',*,*,#2190,.F.);
#3157=ORIENTED_EDGE('',*,*,#2205,.F.);
#3158=ORIENTED_EDGE('',*,*,#2203,.T.);
#3159=ORIENTED_EDGE('',*,*,#2206,.F.);
#3160=ORIENTED_EDGE('',*,*,#2168,.T.);
#3161=ORIENTED_EDGE('',*,*,#2165,.T.);
#3162=ORIENTED_EDGE('',*,*,#2206,.T.);
#3163=ORIENTED_EDGE('',*,*,#2202,.T.);
#3164=ORIENTED_EDGE('',*,*,#2199,.T.);
#3165=ORIENTED_EDGE('',*,*,#2178,.T.);
#3166=ORIENTED_EDGE('',*,*,#2175,.T.);
#3167=ORIENTED_EDGE('',*,*,#2172,.T.);
#3168=ORIENTED_EDGE('',*,*,#2169,.T.);
#3169=ORIENTED_EDGE('',*,*,#2205,.T.);
#3170=ORIENTED_EDGE('',*,*,#2189,.T.);
#3171=ORIENTED_EDGE('',*,*,#2192,.F.);
#3172=ORIENTED_EDGE('',*,*,#2194,.T.);
#3173=ORIENTED_EDGE('',*,*,#2196,.T.);
#3174=ORIENTED_EDGE('',*,*,#2198,.T.);
#3175=ORIENTED_EDGE('',*,*,#2201,.T.);
#3176=ORIENTED_EDGE('',*,*,#2204,.T.);
#3177=PLANE('',#3520);
#3178=PLANE('',#3524);
#3179=PLANE('',#3528);
#3180=PLANE('',#3532);
#3181=PLANE('',#3536);
#3182=PLANE('',#3540);
#3183=PLANE('',#3541);
#3184=PLANE('',#3545);
#3185=PLANE('',#3549);
#3186=PLANE('',#3553);
#3187=PLANE('',#3557);
#3188=PLANE('',#3561);
#3189=PLANE('',#3562);
#3190=PLANE('',#3563);
#3191=PLANE('',#3571);
#3192=PLANE('',#3574);
#3193=PLANE('',#3577);
#3194=PLANE('',#3578);
#3195=PLANE('',#3582);
#3196=PLANE('',#3586);
#3197=PLANE('',#3590);
#3198=PLANE('',#3594);
#3199=PLANE('',#3598);
#3200=PLANE('',#3599);
#3201=PLANE('',#3602);
#3202=PLANE('',#3605);
#3203=PLANE('',#3606);
#3204=PLANE('',#3607);
#3205=PLANE('',#3608);
#3206=PLANE('',#3609);
#3207=PLANE('',#3610);
#3208=PLANE('',#3614);
#3209=PLANE('',#3615);
#3210=PLANE('',#3616);
#3211=PLANE('',#3617);
#3212=PLANE('',#3621);
#3213=PLANE('',#3622);
#3214=PLANE('',#3629);
#3215=PLANE('',#3630);
#3216=PLANE('',#3637);
#3217=PLANE('',#3638);
#3218=PLANE('',#3645);
#3219=PLANE('',#3646);
#3220=PLANE('',#3653);
#3221=PLANE('',#3654);
#3222=PLANE('',#3661);
#3223=PLANE('',#3662);
#3224=PLANE('',#3669);
#3225=PLANE('',#3670);
#3226=PLANE('',#3674);
#3227=PLANE('',#3678);
#3228=PLANE('',#3682);
#3229=PLANE('',#3686);
#3230=PLANE('',#3690);
#3231=PLANE('',#3694);
#3232=PLANE('',#3696);
#3233=PLANE('',#3698);
#3234=PLANE('',#3700);
#3235=PLANE('',#3702);
#3236=PLANE('',#3704);
#3237=PLANE('',#3706);
#3238=PLANE('',#3708);
#3239=PLANE('',#3710);
#3240=PLANE('',#3711);
#3241=PLANE('',#3717);
#3242=PLANE('',#3719);
#3243=PLANE('',#3720);
#3244=PLANE('',#3726);
#3245=PLANE('',#3727);
#3246=PLANE('',#3728);
#3247=PLANE('',#3743);
#3248=PLANE('',#3748);
#3249=PLANE('',#3751);
#3250=PLANE('',#3754);
#3251=PLANE('',#3755);
#3252=PLANE('',#3760);
#3253=PLANE('',#3761);
#3254=PLANE('',#3762);
#3255=PLANE('',#3763);
#3256=PLANE('',#3764);
#3257=PLANE('',#3765);
#3258=PLANE('',#3766);
#3259=PLANE('',#3767);
#3260=PLANE('',#3768);
#3261=PLANE('',#3769);
#3262=PLANE('',#3770);
#3263=PLANE('',#3771);
#3264=PLANE('',#3774);
#3265=PLANE('',#3775);
#3266=PLANE('',#3776);
#3267=PLANE('',#3777);
#3268=PLANE('',#3780);
#3269=PLANE('',#3783);
#3270=PLANE('',#3786);
#3271=PLANE('',#3791);
#3272=PLANE('',#3792);
#3273=PLANE('',#3793);
#3274=PLANE('',#3794);
#3275=PLANE('',#3795);
#3276=PLANE('',#3796);
#3277=PLANE('',#3797);
#3278=PLANE('',#3798);
#3279=PLANE('',#3799);
#3280=PLANE('',#3805);
#3281=PLANE('',#3807);
#3282=PLANE('',#3809);
#3283=PLANE('',#3811);
#3284=PLANE('',#3814);
#3285=PLANE('',#3815);
#3286=PLANE('',#3818);
#3287=PLANE('',#3821);
#3288=PLANE('',#3824);
#3289=PLANE('',#3833);
#3290=PLANE('',#3834);
#3291=PLANE('',#3835);
#3292=PLANE('',#3836);
#3293=PLANE('',#3837);
#3294=PLANE('',#3838);
#3295=PLANE('',#3839);
#3296=PLANE('',#3840);
#3297=PLANE('',#3841);
#3298=PLANE('',#3842);
#3299=PLANE('',#3843);
#3300=PLANE('',#3844);
#3301=PLANE('',#3845);
#3302=PLANE('',#3846);
#3303=PLANE('',#3847);
#3304=PLANE('',#3848);
#3305=PLANE('',#3849);
#3306=PLANE('',#3850);
#3307=ADVANCED_FACE('',(#262),#3177,.T.);
#3308=ADVANCED_FACE('',(#263),#195,.F.);
#3309=ADVANCED_FACE('',(#264),#3178,.T.);
#3310=ADVANCED_FACE('',(#265),#196,.F.);
#3311=ADVANCED_FACE('',(#266),#3179,.T.);
#3312=ADVANCED_FACE('',(#267),#197,.F.);
#3313=ADVANCED_FACE('',(#268),#3180,.T.);
#3314=ADVANCED_FACE('',(#269),#198,.F.);
#3315=ADVANCED_FACE('',(#270),#3181,.T.);
#3316=ADVANCED_FACE('',(#271),#199,.F.);
#3317=ADVANCED_FACE('',(#272),#3182,.T.);
#3318=ADVANCED_FACE('',(#273),#3183,.T.);
#3319=ADVANCED_FACE('',(#274),#200,.T.);
#3320=ADVANCED_FACE('',(#275),#3184,.T.);
#3321=ADVANCED_FACE('',(#276),#201,.T.);
#3322=ADVANCED_FACE('',(#277),#3185,.T.);
#3323=ADVANCED_FACE('',(#278),#202,.T.);
#3324=ADVANCED_FACE('',(#279),#3186,.T.);
#3325=ADVANCED_FACE('',(#280),#203,.T.);
#3326=ADVANCED_FACE('',(#281),#3187,.T.);
#3327=ADVANCED_FACE('',(#282),#204,.T.);
#3328=ADVANCED_FACE('',(#283),#3188,.T.);
#3329=ADVANCED_FACE('',(#284,#19),#3189,.T.);
#3330=ADVANCED_FACE('',(#285,#20),#3190,.T.);
#3331=ADVANCED_FACE('',(#286),#205,.T.);
#3332=ADVANCED_FACE('',(#287),#3191,.T.);
#3333=ADVANCED_FACE('',(#288),#206,.T.);
#3334=ADVANCED_FACE('',(#289),#3192,.T.);
#3335=ADVANCED_FACE('',(#290),#207,.T.);
#3336=ADVANCED_FACE('',(#291),#3193,.T.);
#3337=ADVANCED_FACE('',(#292),#3194,.T.);
#3338=ADVANCED_FACE('',(#293),#208,.F.);
#3339=ADVANCED_FACE('',(#294),#3195,.T.);
#3340=ADVANCED_FACE('',(#295),#209,.F.);
#3341=ADVANCED_FACE('',(#296),#3196,.T.);
#3342=ADVANCED_FACE('',(#297),#210,.F.);
#3343=ADVANCED_FACE('',(#298),#3197,.T.);
#3344=ADVANCED_FACE('',(#299),#211,.F.);
#3345=ADVANCED_FACE('',(#300),#3198,.T.);
#3346=ADVANCED_FACE('',(#301),#212,.F.);
#3347=ADVANCED_FACE('',(#302),#3199,.T.);
#3348=ADVANCED_FACE('',(#303),#3200,.T.);
#3349=ADVANCED_FACE('',(#304),#213,.T.);
#3350=ADVANCED_FACE('',(#305),#3201,.T.);
#3351=ADVANCED_FACE('',(#306),#214,.T.);
#3352=ADVANCED_FACE('',(#307),#3202,.T.);
#3353=ADVANCED_FACE('',(#308,#21),#3203,.T.);
#3354=ADVANCED_FACE('',(#309),#3204,.T.);
#3355=ADVANCED_FACE('',(#310),#3205,.T.);
#3356=ADVANCED_FACE('',(#311),#3206,.T.);
#3357=ADVANCED_FACE('',(#312),#3207,.T.);
#3358=ADVANCED_FACE('',(#313),#215,.F.);
#3359=ADVANCED_FACE('',(#314),#3208,.T.);
#3360=ADVANCED_FACE('',(#315),#3209,.T.);
#3361=ADVANCED_FACE('',(#316),#3210,.T.);
#3362=ADVANCED_FACE('',(#317),#3211,.T.);
#3363=ADVANCED_FACE('',(#318),#216,.F.);
#3364=ADVANCED_FACE('',(#319,#22,#23,#24,#25),#3212,.T.);
#3365=ADVANCED_FACE('',(#320,#26,#27,#28,#29),#3213,.F.);
#3366=ADVANCED_FACE('',(#321),#217,.F.);
#3367=ADVANCED_FACE('',(#322),#218,.T.);
#3368=ADVANCED_FACE('',(#323,#30),#3214,.T.);
#3369=ADVANCED_FACE('',(#324),#3215,.T.);
#3370=ADVANCED_FACE('',(#325),#219,.F.);
#3371=ADVANCED_FACE('',(#326),#220,.T.);
#3372=ADVANCED_FACE('',(#327,#31),#3216,.T.);
#3373=ADVANCED_FACE('',(#328),#3217,.T.);
#3374=ADVANCED_FACE('',(#329),#221,.F.);
#3375=ADVANCED_FACE('',(#330),#222,.T.);
#3376=ADVANCED_FACE('',(#331,#32),#3218,.T.);
#3377=ADVANCED_FACE('',(#332),#3219,.T.);
#3378=ADVANCED_FACE('',(#333),#223,.F.);
#3379=ADVANCED_FACE('',(#334),#224,.T.);
#3380=ADVANCED_FACE('',(#335,#33),#3220,.T.);
#3381=ADVANCED_FACE('',(#336),#3221,.T.);
#3382=ADVANCED_FACE('',(#337),#225,.F.);
#3383=ADVANCED_FACE('',(#338),#226,.T.);
#3384=ADVANCED_FACE('',(#339,#34),#3222,.T.);
#3385=ADVANCED_FACE('',(#340),#3223,.T.);
#3386=ADVANCED_FACE('',(#341),#227,.F.);
#3387=ADVANCED_FACE('',(#342),#228,.T.);
#3388=ADVANCED_FACE('',(#343,#35),#3224,.T.);
#3389=ADVANCED_FACE('',(#344),#3225,.T.);
#3390=ADVANCED_FACE('',(#345),#229,.F.);
#3391=ADVANCED_FACE('',(#346),#3226,.T.);
#3392=ADVANCED_FACE('',(#347),#230,.F.);
#3393=ADVANCED_FACE('',(#348),#3227,.T.);
#3394=ADVANCED_FACE('',(#349),#231,.F.);
#3395=ADVANCED_FACE('',(#350),#3228,.T.);
#3396=ADVANCED_FACE('',(#351),#232,.F.);
#3397=ADVANCED_FACE('',(#352),#3229,.T.);
#3398=ADVANCED_FACE('',(#353),#233,.F.);
#3399=ADVANCED_FACE('',(#354),#3230,.T.);
#3400=ADVANCED_FACE('',(#355),#234,.F.);
#3401=ADVANCED_FACE('',(#356),#3231,.T.);
#3402=ADVANCED_FACE('',(#357),#3232,.T.);
#3403=ADVANCED_FACE('',(#358),#3233,.T.);
#3404=ADVANCED_FACE('',(#359),#3234,.T.);
#3405=ADVANCED_FACE('',(#360),#3235,.T.);
#3406=ADVANCED_FACE('',(#361),#3236,.T.);
#3407=ADVANCED_FACE('',(#362),#3237,.T.);
#3408=ADVANCED_FACE('',(#363),#3238,.T.);
#3409=ADVANCED_FACE('',(#364),#3239,.T.);
#3410=ADVANCED_FACE('',(#365,#36),#3240,.T.);
#3411=ADVANCED_FACE('',(#366),#3241,.T.);
#3412=ADVANCED_FACE('',(#367),#3242,.T.);
#3413=ADVANCED_FACE('',(#368),#3243,.T.);
#3414=ADVANCED_FACE('',(#369),#3244,.T.);
#3415=ADVANCED_FACE('',(#370),#3245,.T.);
#3416=ADVANCED_FACE('',(#371),#3246,.F.);
#3417=ADVANCED_FACE('',(#372),#235,.T.);
#3418=ADVANCED_FACE('',(#373),#236,.T.);
#3419=ADVANCED_FACE('',(#374),#237,.T.);
#3420=ADVANCED_FACE('',(#375),#238,.T.);
#3421=ADVANCED_FACE('',(#376),#239,.T.);
#3422=ADVANCED_FACE('',(#377),#240,.T.);
#3423=ADVANCED_FACE('',(#378),#241,.F.);
#3424=ADVANCED_FACE('',(#379),#3247,.T.);
#3425=ADVANCED_FACE('',(#380),#242,.F.);
#3426=ADVANCED_FACE('',(#381),#243,.F.);
#3427=ADVANCED_FACE('',(#382),#3248,.T.);
#3428=ADVANCED_FACE('',(#383),#244,.F.);
#3429=ADVANCED_FACE('',(#384),#3249,.T.);
#3430=ADVANCED_FACE('',(#385),#245,.F.);
#3431=ADVANCED_FACE('',(#386),#3250,.T.);
#3432=ADVANCED_FACE('',(#387),#3251,.T.);
#3433=ADVANCED_FACE('',(#388),#246,.T.);
#3434=ADVANCED_FACE('',(#389),#247,.T.);
#3435=ADVANCED_FACE('',(#390),#3252,.T.);
#3436=ADVANCED_FACE('',(#391),#3253,.T.);
#3437=ADVANCED_FACE('',(#392),#3254,.T.);
#3438=ADVANCED_FACE('',(#393),#3255,.T.);
#3439=ADVANCED_FACE('',(#394),#3256,.T.);
#3440=ADVANCED_FACE('',(#395),#3257,.F.);
#3441=ADVANCED_FACE('',(#396),#3258,.T.);
#3442=ADVANCED_FACE('',(#397),#3259,.T.);
#3443=ADVANCED_FACE('',(#398),#3260,.T.);
#3444=ADVANCED_FACE('',(#399),#3261,.T.);
#3445=ADVANCED_FACE('',(#400,#37),#3262,.T.);
#3446=ADVANCED_FACE('',(#401),#3263,.T.);
#3447=ADVANCED_FACE('',(#402),#248,.T.);
#3448=ADVANCED_FACE('',(#403),#3264,.T.);
#3449=ADVANCED_FACE('',(#404),#3265,.T.);
#3450=ADVANCED_FACE('',(#405),#3266,.T.);
#3451=ADVANCED_FACE('',(#406),#3267,.T.);
#3452=ADVANCED_FACE('',(#407),#249,.T.);
#3453=ADVANCED_FACE('',(#408),#3268,.T.);
#3454=ADVANCED_FACE('',(#409),#250,.T.);
#3455=ADVANCED_FACE('',(#410),#3269,.T.);
#3456=ADVANCED_FACE('',(#411),#251,.T.);
#3457=ADVANCED_FACE('',(#412),#3270,.T.);
#3458=ADVANCED_FACE('',(#413),#252,.T.);
#3459=ADVANCED_FACE('',(#414),#253,.F.);
#3460=ADVANCED_FACE('',(#415),#3271,.F.);
#3461=ADVANCED_FACE('',(#416),#3272,.F.);
#3462=ADVANCED_FACE('',(#417),#3273,.F.);
#3463=ADVANCED_FACE('',(#418,#38,#39,#40,#41,#42,#43,#44,#45,#46,#47,#48,
#49,#50,#51,#52),#3274,.T.);
#3464=ADVANCED_FACE('',(#419),#3275,.F.);
#3465=ADVANCED_FACE('',(#420),#3276,.F.);
#3466=ADVANCED_FACE('',(#421),#3277,.F.);
#3467=ADVANCED_FACE('',(#422),#3278,.F.);
#3468=ADVANCED_FACE('',(#423,#53),#3279,.T.);
#3469=ADVANCED_FACE('',(#424,#54),#3280,.F.);
#3470=ADVANCED_FACE('',(#425),#3281,.T.);
#3471=ADVANCED_FACE('',(#426),#3282,.T.);
#3472=ADVANCED_FACE('',(#427),#3283,.T.);
#3473=ADVANCED_FACE('',(#428),#254,.T.);
#3474=ADVANCED_FACE('',(#429,#55),#3284,.T.);
#3475=ADVANCED_FACE('',(#430),#3285,.T.);
#3476=ADVANCED_FACE('',(#431),#255,.T.);
#3477=ADVANCED_FACE('',(#432),#3286,.T.);
#3478=ADVANCED_FACE('',(#433),#256,.T.);
#3479=ADVANCED_FACE('',(#434),#3287,.T.);
#3480=ADVANCED_FACE('',(#435),#257,.T.);
#3481=ADVANCED_FACE('',(#436,#56),#3288,.T.);
#3482=ADVANCED_FACE('',(#437),#258,.T.);
#3483=ADVANCED_FACE('',(#438),#259,.F.);
#3484=ADVANCED_FACE('',(#439),#260,.F.);
#3485=ADVANCED_FACE('',(#440),#261,.F.);
#3486=ADVANCED_FACE('',(#441,#57,#58,#59,#60),#3289,.F.);
#3487=ADVANCED_FACE('',(#442),#3290,.T.);
#3488=ADVANCED_FACE('',(#443),#3291,.F.);
#3489=ADVANCED_FACE('',(#444),#3292,.F.);
#3490=ADVANCED_FACE('',(#445),#3293,.F.);
#3491=ADVANCED_FACE('',(#446),#3294,.F.);
#3492=ADVANCED_FACE('',(#447),#3295,.F.);
#3493=ADVANCED_FACE('',(#448),#3296,.F.);
#3494=ADVANCED_FACE('',(#449),#3297,.T.);
#3495=ADVANCED_FACE('',(#450),#3298,.T.);
#3496=ADVANCED_FACE('',(#451),#3299,.T.);
#3497=ADVANCED_FACE('',(#452),#3300,.T.);
#3498=ADVANCED_FACE('',(#453),#3301,.T.);
#3499=ADVANCED_FACE('',(#454),#3302,.T.);
#3500=ADVANCED_FACE('',(#455),#3303,.T.);
#3501=ADVANCED_FACE('',(#456),#3304,.T.);
#3502=ADVANCED_FACE('',(#457),#3305,.T.);
#3503=ADVANCED_FACE('',(#458),#3306,.F.);
#3504=CLOSED_SHELL('',(#3307,#3308,#3309,#3310,#3311,#3312,#3313,#3314,
#3315,#3316,#3317,#3318,#3319,#3320,#3321,#3322,#3323,#3324,#3325,#3326,
#3327,#3328,#3329,#3330,#3331,#3332,#3333,#3334,#3335,#3336,#3337,#3338,
#3339,#3340,#3341,#3342,#3343,#3344,#3345,#3346,#3347,#3348,#3349,#3350,
#3351,#3352,#3353,#3354,#3355,#3356,#3357,#3358,#3359,#3360,#3361,#3362,
#3363,#3364,#3365));
#3505=CLOSED_SHELL('',(#3366,#3367,#3368,#3369,#3370,#3371,#3372,#3373,
#3374,#3375,#3376,#3377,#3378,#3379,#3380,#3381,#3382,#3383,#3384,#3385,
#3386,#3387,#3388,#3389,#3390,#3391,#3392,#3393,#3394,#3395,#3396,#3397,
#3398,#3399,#3400,#3401,#3402,#3403,#3404,#3405,#3406,#3407,#3408,#3409,
#3410,#3411,#3412,#3413,#3414,#3415,#3416,#3417,#3418,#3419,#3420,#3421,
#3422,#3423,#3424,#3425,#3426,#3427,#3428,#3429,#3430,#3431,#3432,#3433,
#3434,#3435,#3436,#3437,#3438,#3439,#3440,#3441,#3442,#3443,#3444,#3445,
#3446,#3447,#3448,#3449,#3450,#3451,#3452,#3453,#3454,#3455,#3456,#3457,
#3458,#3459,#3460,#3461,#3462,#3463,#3464,#3465,#3466,#3467,#3468,#3469,
#3470,#3471,#3472,#3473,#3474,#3475,#3476,#3477,#3478,#3479,#3480,#3481,
#3482,#3483,#3484,#3485,#3486,#3487));
#3506=CLOSED_SHELL('',(#3488,#3489,#3490,#3491,#3492,#3493,#3494,#3495,
#3496,#3497,#3498,#3499,#3500,#3501,#3502,#3503));
#3507=DERIVED_UNIT_ELEMENT(#3509,1.);
#3508=DERIVED_UNIT_ELEMENT(#5876,-3.);
#3509=(
MASS_UNIT()
NAMED_UNIT(*)
SI_UNIT(.KILO.,.GRAM.)
);
#3510=DERIVED_UNIT((#3507,#3508));
#3511=MEASURE_REPRESENTATION_ITEM('density measure',
POSITIVE_RATIO_MEASURE(7850.),#3510);
#3512=PROPERTY_DEFINITION_REPRESENTATION(#3517,#3514);
#3513=PROPERTY_DEFINITION_REPRESENTATION(#3518,#3515);
#3514=REPRESENTATION('material name',(#3516),#5873);
#3515=REPRESENTATION('density',(#3511),#5873);
#3516=DESCRIPTIVE_REPRESENTATION_ITEM('Steel','Steel');
#3517=PROPERTY_DEFINITION('material property','material name',#5883);
#3518=PROPERTY_DEFINITION('material property','density of part',#5883);
#3519=AXIS2_PLACEMENT_3D('',#4866,#3851,#3852);
#3520=AXIS2_PLACEMENT_3D('',#4867,#3853,#3854);
#3521=AXIS2_PLACEMENT_3D('',#4876,#3859,#3860);
#3522=AXIS2_PLACEMENT_3D('',#4878,#3861,#3862);
#3523=AXIS2_PLACEMENT_3D('',#4881,#3864,#3865);
#3524=AXIS2_PLACEMENT_3D('',#4882,#3866,#3867);
#3525=AXIS2_PLACEMENT_3D('',#4888,#3871,#3872);
#3526=AXIS2_PLACEMENT_3D('',#4890,#3873,#3874);
#3527=AXIS2_PLACEMENT_3D('',#4893,#3876,#3877);
#3528=AXIS2_PLACEMENT_3D('',#4894,#3878,#3879);
#3529=AXIS2_PLACEMENT_3D('',#4900,#3883,#3884);
#3530=AXIS2_PLACEMENT_3D('',#4902,#3885,#3886);
#3531=AXIS2_PLACEMENT_3D('',#4904,#3887,#3888);
#3532=AXIS2_PLACEMENT_3D('',#4906,#3890,#3891);
#3533=AXIS2_PLACEMENT_3D('',#4912,#3895,#3896);
#3534=AXIS2_PLACEMENT_3D('',#4914,#3897,#3898);
#3535=AXIS2_PLACEMENT_3D('',#4916,#3899,#3900);
#3536=AXIS2_PLACEMENT_3D('',#4918,#3902,#3903);
#3537=AXIS2_PLACEMENT_3D('',#4924,#3907,#3908);
#3538=AXIS2_PLACEMENT_3D('',#4926,#3909,#3910);
#3539=AXIS2_PLACEMENT_3D('',#4928,#3911,#3912);
#3540=AXIS2_PLACEMENT_3D('',#4930,#3914,#3915);
#3541=AXIS2_PLACEMENT_3D('',#4933,#3918,#3919);
#3542=AXIS2_PLACEMENT_3D('',#4942,#3924,#3925);
#3543=AXIS2_PLACEMENT_3D('',#4944,#3926,#3927);
#3544=AXIS2_PLACEMENT_3D('',#4946,#3928,#3929);
#3545=AXIS2_PLACEMENT_3D('',#4948,#3931,#3932);
#3546=AXIS2_PLACEMENT_3D('',#4954,#3936,#3937);
#3547=AXIS2_PLACEMENT_3D('',#4956,#3938,#3939);
#3548=AXIS2_PLACEMENT_3D('',#4958,#3940,#3941);
#3549=AXIS2_PLACEMENT_3D('',#4960,#3943,#3944);
#3550=AXIS2_PLACEMENT_3D('',#4966,#3948,#3949);
#3551=AXIS2_PLACEMENT_3D('',#4968,#3950,#3951);
#3552=AXIS2_PLACEMENT_3D('',#4970,#3952,#3953);
#3553=AXIS2_PLACEMENT_3D('',#4972,#3955,#3956);
#3554=AXIS2_PLACEMENT_3D('',#4978,#3960,#3961);
#3555=AXIS2_PLACEMENT_3D('',#4980,#3962,#3963);
#3556=AXIS2_PLACEMENT_3D('',#4982,#3964,#3965);
#3557=AXIS2_PLACEMENT_3D('',#4984,#3967,#3968);
#3558=AXIS2_PLACEMENT_3D('',#4990,#3972,#3973);
#3559=AXIS2_PLACEMENT_3D('',#4992,#3974,#3975);
#3560=AXIS2_PLACEMENT_3D('',#4994,#3976,#3977);
#3561=AXIS2_PLACEMENT_3D('',#4996,#3979,#3980);
#3562=AXIS2_PLACEMENT_3D('',#4999,#3983,#3984);
#3563=AXIS2_PLACEMENT_3D('',#5000,#3985,#3986);
#3564=AXIS2_PLACEMENT_3D('',#5007,#3989,#3990);
#3565=AXIS2_PLACEMENT_3D('',#5011,#3992,#3993);
#3566=AXIS2_PLACEMENT_3D('',#5015,#3995,#3996);
#3567=AXIS2_PLACEMENT_3D('',#5019,#3998,#3999);
#3568=AXIS2_PLACEMENT_3D('',#5022,#4001,#4002);
#3569=AXIS2_PLACEMENT_3D('',#5023,#4003,#4004);
#3570=AXIS2_PLACEMENT_3D('',#5027,#4006,#4007);
#3571=AXIS2_PLACEMENT_3D('',#5029,#4009,#4010);
#3572=AXIS2_PLACEMENT_3D('',#5033,#4013,#4014);
#3573=AXIS2_PLACEMENT_3D('',#5036,#4016,#4017);
#3574=AXIS2_PLACEMENT_3D('',#5037,#4018,#4019);
#3575=AXIS2_PLACEMENT_3D('',#5041,#4022,#4023);
#3576=AXIS2_PLACEMENT_3D('',#5044,#4025,#4026);
#3577=AXIS2_PLACEMENT_3D('',#5045,#4027,#4028);
#3578=AXIS2_PLACEMENT_3D('',#5049,#4031,#4032);
#3579=AXIS2_PLACEMENT_3D('',#5058,#4037,#4038);
#3580=AXIS2_PLACEMENT_3D('',#5060,#4039,#4040);
#3581=AXIS2_PLACEMENT_3D('',#5063,#4042,#4043);
#3582=AXIS2_PLACEMENT_3D('',#5064,#4044,#4045);
#3583=AXIS2_PLACEMENT_3D('',#5070,#4049,#4050);
#3584=AXIS2_PLACEMENT_3D('',#5072,#4051,#4052);
#3585=AXIS2_PLACEMENT_3D('',#5075,#4054,#4055);
#3586=AXIS2_PLACEMENT_3D('',#5076,#4056,#4057);
#3587=AXIS2_PLACEMENT_3D('',#5082,#4061,#4062);
#3588=AXIS2_PLACEMENT_3D('',#5084,#4063,#4064);
#3589=AXIS2_PLACEMENT_3D('',#5086,#4065,#4066);
#3590=AXIS2_PLACEMENT_3D('',#5088,#4068,#4069);
#3591=AXIS2_PLACEMENT_3D('',#5094,#4073,#4074);
#3592=AXIS2_PLACEMENT_3D('',#5096,#4075,#4076);
#3593=AXIS2_PLACEMENT_3D('',#5098,#4077,#4078);
#3594=AXIS2_PLACEMENT_3D('',#5100,#4080,#4081);
#3595=AXIS2_PLACEMENT_3D('',#5106,#4085,#4086);
#3596=AXIS2_PLACEMENT_3D('',#5108,#4087,#4088);
#3597=AXIS2_PLACEMENT_3D('',#5110,#4089,#4090);
#3598=AXIS2_PLACEMENT_3D('',#5112,#4092,#4093);
#3599=AXIS2_PLACEMENT_3D('',#5115,#4096,#4097);
#3600=AXIS2_PLACEMENT_3D('',#5119,#4100,#4101);
#3601=AXIS2_PLACEMENT_3D('',#5121,#4102,#4103);
#3602=AXIS2_PLACEMENT_3D('',#5123,#4105,#4106);
#3603=AXIS2_PLACEMENT_3D('',#5127,#4109,#4110);
#3604=AXIS2_PLACEMENT_3D('',#5129,#4111,#4112);
#3605=AXIS2_PLACEMENT_3D('',#5131,#4114,#4115);
#3606=AXIS2_PLACEMENT_3D('',#5133,#4117,#4118);
#3607=AXIS2_PLACEMENT_3D('',#5134,#4119,#4120);
#3608=AXIS2_PLACEMENT_3D('',#5143,#4125,#4126);
#3609=AXIS2_PLACEMENT_3D('',#5149,#4130,#4131);
#3610=AXIS2_PLACEMENT_3D('',#5155,#4135,#4136);
#3611=AXIS2_PLACEMENT_3D('',#5158,#4139,#4140);
#3612=AXIS2_PLACEMENT_3D('',#5160,#4141,#4142);
#3613=AXIS2_PLACEMENT_3D('',#5163,#4144,#4145);
#3614=AXIS2_PLACEMENT_3D('',#5164,#4146,#4147);
#3615=AXIS2_PLACEMENT_3D('',#5173,#4152,#4153);
#3616=AXIS2_PLACEMENT_3D('',#5179,#4157,#4158);
#3617=AXIS2_PLACEMENT_3D('',#5185,#4162,#4163);
#3618=AXIS2_PLACEMENT_3D('',#5188,#4166,#4167);
#3619=AXIS2_PLACEMENT_3D('',#5190,#4168,#4169);
#3620=AXIS2_PLACEMENT_3D('',#5193,#4171,#4172);
#3621=AXIS2_PLACEMENT_3D('',#5194,#4173,#4174);
#3622=AXIS2_PLACEMENT_3D('',#5195,#4175,#4176);
#3623=AXIS2_PLACEMENT_3D('',#5196,#4177,#4178);
#3624=AXIS2_PLACEMENT_3D('',#5198,#4179,#4180);
#3625=AXIS2_PLACEMENT_3D('',#5201,#4182,#4183);
#3626=AXIS2_PLACEMENT_3D('',#5202,#4184,#4185);
#3627=AXIS2_PLACEMENT_3D('',#5204,#4186,#4187);
#3628=AXIS2_PLACEMENT_3D('',#5207,#4189,#4190);
#3629=AXIS2_PLACEMENT_3D('',#5208,#4191,#4192);
#3630=AXIS2_PLACEMENT_3D('',#5209,#4193,#4194);
#3631=AXIS2_PLACEMENT_3D('',#5210,#4195,#4196);
#3632=AXIS2_PLACEMENT_3D('',#5212,#4197,#4198);
#3633=AXIS2_PLACEMENT_3D('',#5215,#4200,#4201);
#3634=AXIS2_PLACEMENT_3D('',#5216,#4202,#4203);
#3635=AXIS2_PLACEMENT_3D('',#5218,#4204,#4205);
#3636=AXIS2_PLACEMENT_3D('',#5221,#4207,#4208);
#3637=AXIS2_PLACEMENT_3D('',#5222,#4209,#4210);
#3638=AXIS2_PLACEMENT_3D('',#5223,#4211,#4212);
#3639=AXIS2_PLACEMENT_3D('',#5224,#4213,#4214);
#3640=AXIS2_PLACEMENT_3D('',#5226,#4215,#4216);
#3641=AXIS2_PLACEMENT_3D('',#5229,#4218,#4219);
#3642=AXIS2_PLACEMENT_3D('',#5230,#4220,#4221);
#3643=AXIS2_PLACEMENT_3D('',#5232,#4222,#4223);
#3644=AXIS2_PLACEMENT_3D('',#5235,#4225,#4226);
#3645=AXIS2_PLACEMENT_3D('',#5236,#4227,#4228);
#3646=AXIS2_PLACEMENT_3D('',#5237,#4229,#4230);
#3647=AXIS2_PLACEMENT_3D('',#5238,#4231,#4232);
#3648=AXIS2_PLACEMENT_3D('',#5240,#4233,#4234);
#3649=AXIS2_PLACEMENT_3D('',#5243,#4236,#4237);
#3650=AXIS2_PLACEMENT_3D('',#5244,#4238,#4239);
#3651=AXIS2_PLACEMENT_3D('',#5246,#4240,#4241);
#3652=AXIS2_PLACEMENT_3D('',#5249,#4243,#4244);
#3653=AXIS2_PLACEMENT_3D('',#5250,#4245,#4246);
#3654=AXIS2_PLACEMENT_3D('',#5251,#4247,#4248);
#3655=AXIS2_PLACEMENT_3D('',#5252,#4249,#4250);
#3656=AXIS2_PLACEMENT_3D('',#5254,#4251,#4252);
#3657=AXIS2_PLACEMENT_3D('',#5257,#4254,#4255);
#3658=AXIS2_PLACEMENT_3D('',#5258,#4256,#4257);
#3659=AXIS2_PLACEMENT_3D('',#5260,#4258,#4259);
#3660=AXIS2_PLACEMENT_3D('',#5263,#4261,#4262);
#3661=AXIS2_PLACEMENT_3D('',#5264,#4263,#4264);
#3662=AXIS2_PLACEMENT_3D('',#5265,#4265,#4266);
#3663=AXIS2_PLACEMENT_3D('',#5266,#4267,#4268);
#3664=AXIS2_PLACEMENT_3D('',#5268,#4269,#4270);
#3665=AXIS2_PLACEMENT_3D('',#5271,#4272,#4273);
#3666=AXIS2_PLACEMENT_3D('',#5272,#4274,#4275);
#3667=AXIS2_PLACEMENT_3D('',#5274,#4276,#4277);
#3668=AXIS2_PLACEMENT_3D('',#5277,#4279,#4280);
#3669=AXIS2_PLACEMENT_3D('',#5278,#4281,#4282);
#3670=AXIS2_PLACEMENT_3D('',#5279,#4283,#4284);
#3671=AXIS2_PLACEMENT_3D('',#5280,#4285,#4286);
#3672=AXIS2_PLACEMENT_3D('',#5282,#4287,#4288);
#3673=AXIS2_PLACEMENT_3D('',#5285,#4290,#4291);
#3674=AXIS2_PLACEMENT_3D('',#5286,#4292,#4293);
#3675=AXIS2_PLACEMENT_3D('',#5295,#4298,#4299);
#3676=AXIS2_PLACEMENT_3D('',#5297,#4300,#4301);
#3677=AXIS2_PLACEMENT_3D('',#5299,#4302,#4303);
#3678=AXIS2_PLACEMENT_3D('',#5301,#4305,#4306);
#3679=AXIS2_PLACEMENT_3D('',#5307,#4310,#4311);
#3680=AXIS2_PLACEMENT_3D('',#5309,#4312,#4313);
#3681=AXIS2_PLACEMENT_3D('',#5311,#4314,#4315);
#3682=AXIS2_PLACEMENT_3D('',#5313,#4317,#4318);
#3683=AXIS2_PLACEMENT_3D('',#5319,#4322,#4323);
#3684=AXIS2_PLACEMENT_3D('',#5321,#4324,#4325);
#3685=AXIS2_PLACEMENT_3D('',#5323,#4326,#4327);
#3686=AXIS2_PLACEMENT_3D('',#5325,#4329,#4330);
#3687=AXIS2_PLACEMENT_3D('',#5331,#4334,#4335);
#3688=AXIS2_PLACEMENT_3D('',#5333,#4336,#4337);
#3689=AXIS2_PLACEMENT_3D('',#5335,#4338,#4339);
#3690=AXIS2_PLACEMENT_3D('',#5337,#4341,#4342);
#3691=AXIS2_PLACEMENT_3D('',#5343,#4346,#4347);
#3692=AXIS2_PLACEMENT_3D('',#5345,#4348,#4349);
#3693=AXIS2_PLACEMENT_3D('',#5347,#4350,#4351);
#3694=AXIS2_PLACEMENT_3D('',#5349,#4353,#4354);
#3695=AXIS2_PLACEMENT_3D('',#5351,#4355,#4356);
#3696=AXIS2_PLACEMENT_3D('',#5352,#4357,#4358);
#3697=AXIS2_PLACEMENT_3D('',#5354,#4359,#4360);
#3698=AXIS2_PLACEMENT_3D('',#5355,#4361,#4362);
#3699=AXIS2_PLACEMENT_3D('',#5357,#4363,#4364);
#3700=AXIS2_PLACEMENT_3D('',#5358,#4365,#4366);
#3701=AXIS2_PLACEMENT_3D('',#5360,#4367,#4368);
#3702=AXIS2_PLACEMENT_3D('',#5361,#4369,#4370);
#3703=AXIS2_PLACEMENT_3D('',#5363,#4371,#4372);
#3704=AXIS2_PLACEMENT_3D('',#5364,#4373,#4374);
#3705=AXIS2_PLACEMENT_3D('',#5366,#4375,#4376);
#3706=AXIS2_PLACEMENT_3D('',#5367,#4377,#4378);
#3707=AXIS2_PLACEMENT_3D('',#5369,#4379,#4380);
#3708=AXIS2_PLACEMENT_3D('',#5370,#4381,#4382);
#3709=AXIS2_PLACEMENT_3D('',#5372,#4383,#4384);
#3710=AXIS2_PLACEMENT_3D('',#5373,#4385,#4386);
#3711=AXIS2_PLACEMENT_3D('',#5394,#4397,#4398);
#3712=AXIS2_PLACEMENT_3D('',#5404,#4403,#4404);
#3713=AXIS2_PLACEMENT_3D('',#5408,#4406,#4407);
#3714=AXIS2_PLACEMENT_3D('',#5414,#4410,#4411);
#3715=AXIS2_PLACEMENT_3D('',#5418,#4413,#4414);
#3716=AXIS2_PLACEMENT_3D('',#5421,#4416,#4417);
#3717=AXIS2_PLACEMENT_3D('',#5422,#4418,#4419);
#3718=AXIS2_PLACEMENT_3D('',#5424,#4420,#4421);
#3719=AXIS2_PLACEMENT_3D('',#5425,#4422,#4423);
#3720=AXIS2_PLACEMENT_3D('',#5429,#4426,#4427);
#3721=AXIS2_PLACEMENT_3D('',#5441,#4433,#4434);
#3722=AXIS2_PLACEMENT_3D('',#5445,#4436,#4437);
#3723=AXIS2_PLACEMENT_3D('',#5449,#4439,#4440);
#3724=AXIS2_PLACEMENT_3D('',#5453,#4442,#4443);
#3725=AXIS2_PLACEMENT_3D('',#5457,#4445,#4446);
#3726=AXIS2_PLACEMENT_3D('',#5459,#4448,#4449);
#3727=AXIS2_PLACEMENT_3D('',#5461,#4451,#4452);
#3728=AXIS2_PLACEMENT_3D('',#5467,#4456,#4457);
#3729=AXIS2_PLACEMENT_3D('',#5473,#4461,#4462);
#3730=AXIS2_PLACEMENT_3D('',#5476,#4464,#4465);
#3731=AXIS2_PLACEMENT_3D('',#5477,#4466,#4467);
#3732=AXIS2_PLACEMENT_3D('',#5480,#4469,#4470);
#3733=AXIS2_PLACEMENT_3D('',#5481,#4471,#4472);
#3734=AXIS2_PLACEMENT_3D('',#5484,#4474,#4475);
#3735=AXIS2_PLACEMENT_3D('',#5485,#4476,#4477);
#3736=AXIS2_PLACEMENT_3D('',#5488,#4479,#4480);
#3737=AXIS2_PLACEMENT_3D('',#5489,#4481,#4482);
#3738=AXIS2_PLACEMENT_3D('',#5492,#4484,#4485);
#3739=AXIS2_PLACEMENT_3D('',#5493,#4486,#4487);
#3740=AXIS2_PLACEMENT_3D('',#5496,#4489,#4490);
#3741=AXIS2_PLACEMENT_3D('',#5497,#4491,#4492);
#3742=AXIS2_PLACEMENT_3D('',#5500,#4493,#4494);
#3743=AXIS2_PLACEMENT_3D('',#5503,#4497,#4498);
#3744=AXIS2_PLACEMENT_3D('',#5507,#4501,#4502);
#3745=AXIS2_PLACEMENT_3D('',#5509,#4503,#4504);
#3746=AXIS2_PLACEMENT_3D('',#5511,#4506,#4507);
#3747=AXIS2_PLACEMENT_3D('',#5514,#4508,#4509);
#3748=AXIS2_PLACEMENT_3D('',#5517,#4512,#4513);
#3749=AXIS2_PLACEMENT_3D('',#5521,#4516,#4517);
#3750=AXIS2_PLACEMENT_3D('',#5523,#4518,#4519);
#3751=AXIS2_PLACEMENT_3D('',#5525,#4521,#4522);
#3752=AXIS2_PLACEMENT_3D('',#5529,#4525,#4526);
#3753=AXIS2_PLACEMENT_3D('',#5531,#4527,#4528);
#3754=AXIS2_PLACEMENT_3D('',#5533,#4530,#4531);
#3755=AXIS2_PLACEMENT_3D('',#5537,#4534,#4535);
#3756=AXIS2_PLACEMENT_3D('',#5544,#4540,#4541);
#3757=AXIS2_PLACEMENT_3D('',#5547,#4543,#4544);
#3758=AXIS2_PLACEMENT_3D('',#5548,#4545,#4546);
#3759=AXIS2_PLACEMENT_3D('',#5551,#4548,#4549);
#3760=AXIS2_PLACEMENT_3D('',#5552,#4550,#4551);
#3761=AXIS2_PLACEMENT_3D('',#5558,#4555,#4556);
#3762=AXIS2_PLACEMENT_3D('',#5562,#4559,#4560);
#3763=AXIS2_PLACEMENT_3D('',#5566,#4563,#4564);
#3764=AXIS2_PLACEMENT_3D('',#5570,#4567,#4568);
#3765=AXIS2_PLACEMENT_3D('',#5574,#4571,#4572);
#3766=AXIS2_PLACEMENT_3D('',#5578,#4575,#4576);
#3767=AXIS2_PLACEMENT_3D('',#5582,#4579,#4580);
#3768=AXIS2_PLACEMENT_3D('',#5586,#4583,#4584);
#3769=AXIS2_PLACEMENT_3D('',#5590,#4587,#4588);
#3770=AXIS2_PLACEMENT_3D('',#5592,#4590,#4591);
#3771=AXIS2_PLACEMENT_3D('',#5602,#4597,#4598);
#3772=AXIS2_PLACEMENT_3D('',#5608,#4602,#4603);
#3773=AXIS2_PLACEMENT_3D('',#5610,#4604,#4605);
#3774=AXIS2_PLACEMENT_3D('',#5612,#4607,#4608);
#3775=AXIS2_PLACEMENT_3D('',#5616,#4611,#4612);
#3776=AXIS2_PLACEMENT_3D('',#5624,#4617,#4618);
#3777=AXIS2_PLACEMENT_3D('',#5629,#4622,#4623);
#3778=AXIS2_PLACEMENT_3D('',#5633,#4626,#4627);
#3779=AXIS2_PLACEMENT_3D('',#5635,#4628,#4629);
#3780=AXIS2_PLACEMENT_3D('',#5637,#4631,#4632);
#3781=AXIS2_PLACEMENT_3D('',#5641,#4635,#4636);
#3782=AXIS2_PLACEMENT_3D('',#5643,#4637,#4638);
#3783=AXIS2_PLACEMENT_3D('',#5645,#4640,#4641);
#3784=AXIS2_PLACEMENT_3D('',#5649,#4644,#4645);
#3785=AXIS2_PLACEMENT_3D('',#5651,#4646,#4647);
#3786=AXIS2_PLACEMENT_3D('',#5653,#4649,#4650);
#3787=AXIS2_PLACEMENT_3D('',#5657,#4653,#4654);
#3788=AXIS2_PLACEMENT_3D('',#5658,#4655,#4656);
#3789=AXIS2_PLACEMENT_3D('',#5659,#4657,#4658);
#3790=AXIS2_PLACEMENT_3D('',#5661,#4659,#4660);
#3791=AXIS2_PLACEMENT_3D('',#5663,#4662,#4663);
#3792=AXIS2_PLACEMENT_3D('',#5669,#4667,#4668);
#3793=AXIS2_PLACEMENT_3D('',#5673,#4671,#4672);
#3794=AXIS2_PLACEMENT_3D('',#5677,#4675,#4676);
#3795=AXIS2_PLACEMENT_3D('',#5679,#4678,#4679);
#3796=AXIS2_PLACEMENT_3D('',#5685,#4683,#4684);
#3797=AXIS2_PLACEMENT_3D('',#5689,#4687,#4688);
#3798=AXIS2_PLACEMENT_3D('',#5693,#4691,#4692);
#3799=AXIS2_PLACEMENT_3D('',#5695,#4694,#4695);
#3800=AXIS2_PLACEMENT_3D('',#5698,#4696,#4697);
#3801=AXIS2_PLACEMENT_3D('',#5702,#4699,#4700);
#3802=AXIS2_PLACEMENT_3D('',#5708,#4703,#4704);
#3803=AXIS2_PLACEMENT_3D('',#5712,#4706,#4707);
#3804=AXIS2_PLACEMENT_3D('',#5716,#4709,#4710);
#3805=AXIS2_PLACEMENT_3D('',#5718,#4712,#4713);
#3806=AXIS2_PLACEMENT_3D('',#5720,#4714,#4715);
#3807=AXIS2_PLACEMENT_3D('',#5721,#4716,#4717);
#3808=AXIS2_PLACEMENT_3D('',#5723,#4718,#4719);
#3809=AXIS2_PLACEMENT_3D('',#5724,#4720,#4721);
#3810=AXIS2_PLACEMENT_3D('',#5726,#4722,#4723);
#3811=AXIS2_PLACEMENT_3D('',#5727,#4724,#4725);
#3812=AXIS2_PLACEMENT_3D('',#5733,#4729,#4730);
#3813=AXIS2_PLACEMENT_3D('',#5735,#4731,#4732);
#3814=AXIS2_PLACEMENT_3D('',#5737,#4734,#4735);
#3815=AXIS2_PLACEMENT_3D('',#5741,#4738,#4739);
#3816=AXIS2_PLACEMENT_3D('',#5745,#4742,#4743);
#3817=AXIS2_PLACEMENT_3D('',#5747,#4744,#4745);
#3818=AXIS2_PLACEMENT_3D('',#5749,#4747,#4748);
#3819=AXIS2_PLACEMENT_3D('',#5753,#4751,#4752);
#3820=AXIS2_PLACEMENT_3D('',#5755,#4753,#4754);
#3821=AXIS2_PLACEMENT_3D('',#5757,#4756,#4757);
#3822=AXIS2_PLACEMENT_3D('',#5761,#4760,#4761);
#3823=AXIS2_PLACEMENT_3D('',#5763,#4762,#4763);
#3824=AXIS2_PLACEMENT_3D('',#5765,#4765,#4766);
#3825=AXIS2_PLACEMENT_3D('',#5769,#4769,#4770);
#3826=AXIS2_PLACEMENT_3D('',#5770,#4771,#4772);
#3827=AXIS2_PLACEMENT_3D('',#5771,#4773,#4774);
#3828=AXIS2_PLACEMENT_3D('',#5773,#4775,#4776);
#3829=AXIS2_PLACEMENT_3D('',#5775,#4778,#4779);
#3830=AXIS2_PLACEMENT_3D('',#5777,#4780,#4781);
#3831=AXIS2_PLACEMENT_3D('',#5779,#4783,#4784);
#3832=AXIS2_PLACEMENT_3D('',#5781,#4785,#4786);
#3833=AXIS2_PLACEMENT_3D('',#5783,#4788,#4789);
#3834=AXIS2_PLACEMENT_3D('',#5784,#4790,#4791);
#3835=AXIS2_PLACEMENT_3D('',#5785,#4792,#4793);
#3836=AXIS2_PLACEMENT_3D('',#5794,#4798,#4799);
#3837=AXIS2_PLACEMENT_3D('',#5800,#4803,#4804);
#3838=AXIS2_PLACEMENT_3D('',#5806,#4808,#4809);
#3839=AXIS2_PLACEMENT_3D('',#5812,#4813,#4814);
#3840=AXIS2_PLACEMENT_3D('',#5818,#4818,#4819);
#3841=AXIS2_PLACEMENT_3D('',#5832,#4827,#4828);
#3842=AXIS2_PLACEMENT_3D('',#5838,#4832,#4833);
#3843=AXIS2_PLACEMENT_3D('',#5842,#4836,#4837);
#3844=AXIS2_PLACEMENT_3D('',#5846,#4840,#4841);
#3845=AXIS2_PLACEMENT_3D('',#5850,#4844,#4845);
#3846=AXIS2_PLACEMENT_3D('',#5854,#4848,#4849);
#3847=AXIS2_PLACEMENT_3D('',#5860,#4853,#4854);
#3848=AXIS2_PLACEMENT_3D('',#5866,#4858,#4859);
#3849=AXIS2_PLACEMENT_3D('',#5869,#4862,#4863);
#3850=AXIS2_PLACEMENT_3D('',#5870,#4864,#4865);
#3851=DIRECTION('axis',(0.,0.,1.));
#3852=DIRECTION('refdir',(1.,0.,0.));
#3853=DIRECTION('center_axis',(1.48029736616688E-16,-1.,0.));
#3854=DIRECTION('ref_axis',(1.,1.48029736616688E-16,0.));
#3855=DIRECTION('',(-1.,-1.48029736616688E-16,0.));
#3856=DIRECTION('',(0.,0.,1.));
#3857=DIRECTION('',(1.,1.48029736616688E-16,0.));
#3858=DIRECTION('',(0.,0.,1.));
#3859=DIRECTION('center_axis',(0.,0.,1.));
#3860=DIRECTION('ref_axis',(1.,-4.80096443081149E-16,0.));
#3861=DIRECTION('center_axis',(0.,0.,1.));
#3862=DIRECTION('ref_axis',(1.,-4.80096443081149E-16,0.));
#3863=DIRECTION('',(0.,0.,1.));
#3864=DIRECTION('center_axis',(0.,0.,-1.));
#3865=DIRECTION('ref_axis',(1.,-4.80096443081149E-16,0.));
#3866=DIRECTION('center_axis',(-1.,5.07530525542929E-16,0.));
#3867=DIRECTION('ref_axis',(-5.07530525542929E-16,-1.,0.));
#3868=DIRECTION('',(5.07530525542929E-16,1.,0.));
#3869=DIRECTION('',(0.,0.,1.));
#3870=DIRECTION('',(-5.07530525542929E-16,-1.,0.));
#3871=DIRECTION('center_axis',(0.,0.,1.));
#3872=DIRECTION('ref_axis',(-9.60192886162298E-16,-1.,0.));
#3873=DIRECTION('center_axis',(0.,0.,1.));
#3874=DIRECTION('ref_axis',(-9.60192886162298E-16,-1.,0.));
#3875=DIRECTION('',(0.,0.,1.));
#3876=DIRECTION('center_axis',(0.,0.,-1.));
#3877=DIRECTION('ref_axis',(-9.60192886162298E-16,-1.,0.));
#3878=DIRECTION('center_axis',(0.,1.,0.));
#3879=DIRECTION('ref_axis',(-1.,0.,0.));
#3880=DIRECTION('',(1.,0.,0.));
#3881=DIRECTION('',(0.,0.,1.));
#3882=DIRECTION('',(-1.,0.,0.));
#3883=DIRECTION('center_axis',(0.,0.,1.));
#3884=DIRECTION('ref_axis',(-2.40048221540574E-16,1.,0.));
#3885=DIRECTION('center_axis',(0.,0.,1.));
#3886=DIRECTION('ref_axis',(-2.40048221540574E-16,1.,0.));
#3887=DIRECTION('center_axis',(0.,0.,-1.));
#3888=DIRECTION('ref_axis',(-2.40048221540574E-16,1.,0.));
#3889=DIRECTION('',(0.,0.,1.));
#3890=DIRECTION('center_axis',(1.,1.26882631385732E-16,0.));
#3891=DIRECTION('ref_axis',(-1.26882631385732E-16,1.,0.));
#3892=DIRECTION('',(1.26882631385732E-16,-1.,0.));
#3893=DIRECTION('',(-1.26882631385732E-16,1.,0.));
#3894=DIRECTION('',(0.,0.,1.));
#3895=DIRECTION('center_axis',(0.,0.,1.));
#3896=DIRECTION('ref_axis',(-1.,0.,0.));
#3897=DIRECTION('center_axis',(0.,0.,1.));
#3898=DIRECTION('ref_axis',(-1.,0.,0.));
#3899=DIRECTION('center_axis',(0.,0.,-1.));
#3900=DIRECTION('ref_axis',(-1.,0.,0.));
#3901=DIRECTION('',(0.,0.,1.));
#3902=DIRECTION('center_axis',(0.939692620785908,-0.342020143325669,0.));
#3903=DIRECTION('ref_axis',(0.342020143325669,0.939692620785908,0.));
#3904=DIRECTION('',(-0.342020143325669,-0.939692620785908,0.));
#3905=DIRECTION('',(0.342020143325669,0.939692620785908,0.));
#3906=DIRECTION('',(0.,0.,1.));
#3907=DIRECTION('center_axis',(0.,0.,1.));
#3908=DIRECTION('ref_axis',(-0.939692620785908,0.342020143325671,0.));
#3909=DIRECTION('center_axis',(0.,0.,1.));
#3910=DIRECTION('ref_axis',(-0.939692620785908,0.342020143325671,0.));
#3911=DIRECTION('center_axis',(0.,0.,-1.));
#3912=DIRECTION('ref_axis',(-0.939692620785908,0.342020143325671,0.));
#3913=DIRECTION('',(0.,0.,1.));
#3914=DIRECTION('center_axis',(-0.489195608564645,0.872174097621035,0.));
#3915=DIRECTION('ref_axis',(-0.872174097621035,-0.489195608564645,0.));
#3916=DIRECTION('',(0.872174097621035,0.489195608564645,0.));
#3917=DIRECTION('',(-0.872174097621035,-0.489195608564645,0.));
#3918=DIRECTION('center_axis',(0.489195608564645,-0.872174097621035,0.));
#3919=DIRECTION('ref_axis',(0.872174097621035,0.489195608564645,0.));
#3920=DIRECTION('',(0.872174097621035,0.489195608564645,0.));
#3921=DIRECTION('',(0.,0.,1.));
#3922=DIRECTION('',(0.872174097621035,0.489195608564645,0.));
#3923=DIRECTION('',(0.,0.,1.));
#3924=DIRECTION('center_axis',(0.,0.,1.));
#3925=DIRECTION('ref_axis',(-0.939692620785908,0.34202014332567,0.));
#3926=DIRECTION('center_axis',(0.,0.,1.));
#3927=DIRECTION('ref_axis',(-0.939692620785908,0.34202014332567,0.));
#3928=DIRECTION('center_axis',(0.,0.,1.));
#3929=DIRECTION('ref_axis',(-0.939692620785908,0.34202014332567,0.));
#3930=DIRECTION('',(0.,0.,1.));
#3931=DIRECTION('center_axis',(-0.939692620785908,0.342020143325669,0.));
#3932=DIRECTION('ref_axis',(-0.342020143325669,-0.939692620785908,0.));
#3933=DIRECTION('',(-0.342020143325669,-0.939692620785908,0.));
#3934=DIRECTION('',(-0.342020143325669,-0.939692620785908,0.));
#3935=DIRECTION('',(0.,0.,1.));
#3936=DIRECTION('center_axis',(0.,0.,1.));
#3937=DIRECTION('ref_axis',(-1.,0.,0.));
#3938=DIRECTION('center_axis',(0.,0.,1.));
#3939=DIRECTION('ref_axis',(-1.,0.,0.));
#3940=DIRECTION('center_axis',(0.,0.,1.));
#3941=DIRECTION('ref_axis',(-1.,0.,0.));
#3942=DIRECTION('',(0.,0.,1.));
#3943=DIRECTION('center_axis',(-1.,0.,0.));
#3944=DIRECTION('ref_axis',(0.,-1.,0.));
#3945=DIRECTION('',(0.,-1.,0.));
#3946=DIRECTION('',(0.,-1.,0.));
#3947=DIRECTION('',(0.,0.,1.));
#3948=DIRECTION('center_axis',(0.,0.,1.));
#3949=DIRECTION('ref_axis',(-2.3373116307898E-16,1.,0.));
#3950=DIRECTION('center_axis',(0.,0.,1.));
#3951=DIRECTION('ref_axis',(-2.3373116307898E-16,1.,0.));
#3952=DIRECTION('center_axis',(0.,0.,1.));
#3953=DIRECTION('ref_axis',(-2.3373116307898E-16,1.,0.));
#3954=DIRECTION('',(0.,0.,1.));
#3955=DIRECTION('center_axis',(-1.48029736616688E-16,1.,0.));
#3956=DIRECTION('ref_axis',(-1.,-1.48029736616688E-16,0.));
#3957=DIRECTION('',(-1.,-1.48029736616688E-16,0.));
#3958=DIRECTION('',(-1.,-1.48029736616688E-16,0.));
#3959=DIRECTION('',(0.,0.,1.));
#3960=DIRECTION('center_axis',(0.,0.,1.));
#3961=DIRECTION('ref_axis',(1.,-4.67462326157961E-16,0.));
#3962=DIRECTION('center_axis',(0.,0.,1.));
#3963=DIRECTION('ref_axis',(1.,-4.67462326157961E-16,0.));
#3964=DIRECTION('center_axis',(0.,0.,1.));
#3965=DIRECTION('ref_axis',(1.,-4.67462326157961E-16,0.));
#3966=DIRECTION('',(0.,0.,1.));
#3967=DIRECTION('center_axis',(1.,-5.07530525542929E-16,0.));
#3968=DIRECTION('ref_axis',(5.07530525542929E-16,1.,0.));
#3969=DIRECTION('',(5.07530525542929E-16,1.,0.));
#3970=DIRECTION('',(5.07530525542929E-16,1.,0.));
#3971=DIRECTION('',(0.,0.,1.));
#3972=DIRECTION('center_axis',(0.,0.,1.));
#3973=DIRECTION('ref_axis',(-9.34924652315922E-16,-1.,0.));
#3974=DIRECTION('center_axis',(0.,0.,1.));
#3975=DIRECTION('ref_axis',(-9.34924652315922E-16,-1.,0.));
#3976=DIRECTION('center_axis',(0.,0.,1.));
#3977=DIRECTION('ref_axis',(-9.34924652315922E-16,-1.,0.));
#3978=DIRECTION('',(0.,0.,1.));
#3979=DIRECTION('center_axis',(0.,-1.,0.));
#3980=DIRECTION('ref_axis',(1.,0.,0.));
#3981=DIRECTION('',(1.,0.,0.));
#3982=DIRECTION('',(1.,0.,0.));
#3983=DIRECTION('center_axis',(0.,0.,1.));
#3984=DIRECTION('ref_axis',(1.,0.,0.));
#3985=DIRECTION('center_axis',(0.,0.,1.));
#3986=DIRECTION('ref_axis',(1.,0.,0.));
#3987=DIRECTION('',(1.,0.,0.));
#3988=DIRECTION('',(0.872174097621035,0.489195608564645,0.));
#3989=DIRECTION('center_axis',(0.,0.,1.));
#3990=DIRECTION('ref_axis',(-0.939692620785908,0.342020143325671,0.));
#3991=DIRECTION('',(-0.342020143325669,-0.939692620785908,0.));
#3992=DIRECTION('center_axis',(0.,0.,1.));
#3993=DIRECTION('ref_axis',(-1.,0.,0.));
#3994=DIRECTION('',(2.69625591694681E-16,-1.,0.));
#3995=DIRECTION('center_axis',(0.,0.,1.));
#3996=DIRECTION('ref_axis',(-2.46716227694479E-16,1.,0.));
#3997=DIRECTION('',(-1.,0.,0.));
#3998=DIRECTION('center_axis',(0.,0.,1.));
#3999=DIRECTION('ref_axis',(1.,-4.93432455388959E-16,0.));
#4000=DIRECTION('',(0.,1.,0.));
#4001=DIRECTION('center_axis',(0.,0.,1.));
#4002=DIRECTION('ref_axis',(-9.86864910777918E-16,-1.,0.));
#4003=DIRECTION('center_axis',(0.,0.,1.));
#4004=DIRECTION('ref_axis',(-2.46716227694479E-16,1.,0.));
#4005=DIRECTION('',(0.,0.,1.));
#4006=DIRECTION('center_axis',(0.,0.,1.));
#4007=DIRECTION('ref_axis',(-2.46716227694479E-16,1.,0.));
#4008=DIRECTION('',(0.,0.,1.));
#4009=DIRECTION('center_axis',(-1.,-2.69625591694681E-16,0.));
#4010=DIRECTION('ref_axis',(2.69625591694681E-16,-1.,0.));
#4011=DIRECTION('',(0.,0.,1.));
#4012=DIRECTION('',(2.69625591694681E-16,-1.,0.));
#4013=DIRECTION('center_axis',(0.,0.,1.));
#4014=DIRECTION('ref_axis',(-1.,0.,0.));
#4015=DIRECTION('',(0.,0.,1.));
#4016=DIRECTION('center_axis',(0.,0.,1.));
#4017=DIRECTION('ref_axis',(-1.,0.,0.));
#4018=DIRECTION('center_axis',(-0.939692620785908,0.342020143325669,0.));
#4019=DIRECTION('ref_axis',(-0.342020143325669,-0.939692620785908,0.));
#4020=DIRECTION('',(0.,0.,1.));
#4021=DIRECTION('',(-0.342020143325669,-0.939692620785908,0.));
#4022=DIRECTION('center_axis',(0.,0.,1.));
#4023=DIRECTION('ref_axis',(-0.939692620785908,0.342020143325671,0.));
#4024=DIRECTION('',(0.,0.,1.));
#4025=DIRECTION('center_axis',(0.,0.,1.));
#4026=DIRECTION('ref_axis',(-0.939692620785908,0.342020143325671,0.));
#4027=DIRECTION('center_axis',(0.489195608564645,-0.872174097621035,0.));
#4028=DIRECTION('ref_axis',(0.872174097621035,0.489195608564645,0.));
#4029=DIRECTION('',(0.,0.,1.));
#4030=DIRECTION('',(0.872174097621035,0.489195608564645,0.));
#4031=DIRECTION('center_axis',(-1.48029736616688E-16,-1.,0.));
#4032=DIRECTION('ref_axis',(1.,-1.48029736616688E-16,0.));
#4033=DIRECTION('',(-1.,1.48029736616688E-16,0.));
#4034=DIRECTION('',(0.,0.,1.));
#4035=DIRECTION('',(1.,-1.48029736616688E-16,0.));
#4036=DIRECTION('',(0.,0.,1.));
#4037=DIRECTION('center_axis',(0.,0.,1.));
#4038=DIRECTION('ref_axis',(1.,-5.07530525542929E-16,0.));
#4039=DIRECTION('center_axis',(0.,0.,1.));
#4040=DIRECTION('ref_axis',(1.,-5.07530525542929E-16,0.));
#4041=DIRECTION('',(0.,0.,1.));
#4042=DIRECTION('center_axis',(0.,0.,-1.));
#4043=DIRECTION('ref_axis',(1.,-5.07530525542929E-16,0.));
#4044=DIRECTION('center_axis',(-1.,0.,0.));
#4045=DIRECTION('ref_axis',(0.,-1.,0.));
#4046=DIRECTION('',(0.,1.,0.));
#4047=DIRECTION('',(0.,0.,1.));
#4048=DIRECTION('',(0.,-1.,0.));
#4049=DIRECTION('center_axis',(0.,0.,1.));
#4050=DIRECTION('ref_axis',(-1.01506105108586E-15,-1.,0.));
#4051=DIRECTION('center_axis',(0.,0.,1.));
#4052=DIRECTION('ref_axis',(-1.01506105108586E-15,-1.,0.));
#4053=DIRECTION('',(0.,0.,1.));
#4054=DIRECTION('center_axis',(0.,0.,-1.));
#4055=DIRECTION('ref_axis',(-1.01506105108586E-15,-1.,0.));
#4056=DIRECTION('center_axis',(0.,1.,0.));
#4057=DIRECTION('ref_axis',(-1.,0.,0.));
#4058=DIRECTION('',(1.,0.,0.));
#4059=DIRECTION('',(0.,0.,1.));
#4060=DIRECTION('',(-1.,0.,0.));
#4061=DIRECTION('center_axis',(0.,0.,1.));
#4062=DIRECTION('ref_axis',(-2.53765262771464E-16,1.,0.));
#4063=DIRECTION('center_axis',(0.,0.,1.));
#4064=DIRECTION('ref_axis',(-2.53765262771464E-16,1.,0.));
#4065=DIRECTION('center_axis',(0.,0.,-1.));
#4066=DIRECTION('ref_axis',(-2.53765262771464E-16,1.,0.));
#4067=DIRECTION('',(0.,0.,1.));
#4068=DIRECTION('center_axis',(1.,1.90323947078598E-16,0.));
#4069=DIRECTION('ref_axis',(-1.90323947078598E-16,1.,0.));
#4070=DIRECTION('',(1.90323947078598E-16,-1.,0.));
#4071=DIRECTION('',(-1.90323947078598E-16,1.,0.));
#4072=DIRECTION('',(0.,0.,1.));
#4073=DIRECTION('center_axis',(0.,0.,1.));
#4074=DIRECTION('ref_axis',(-1.,0.,0.));
#4075=DIRECTION('center_axis',(0.,0.,1.));
#4076=DIRECTION('ref_axis',(-1.,0.,0.));
#4077=DIRECTION('center_axis',(0.,0.,-1.));
#4078=DIRECTION('ref_axis',(-1.,0.,0.));
#4079=DIRECTION('',(0.,0.,1.));
#4080=DIRECTION('center_axis',(0.939692620785908,-0.342020143325669,0.));
#4081=DIRECTION('ref_axis',(0.342020143325669,0.939692620785908,0.));
#4082=DIRECTION('',(-0.342020143325669,-0.939692620785908,0.));
#4083=DIRECTION('',(0.342020143325669,0.939692620785908,0.));
#4084=DIRECTION('',(0.,0.,1.));
#4085=DIRECTION('center_axis',(0.,0.,1.));
#4086=DIRECTION('ref_axis',(-0.939692620785908,0.342020143325671,0.));
#4087=DIRECTION('center_axis',(0.,0.,1.));
#4088=DIRECTION('ref_axis',(-0.939692620785908,0.342020143325671,0.));
#4089=DIRECTION('center_axis',(0.,0.,-1.));
#4090=DIRECTION('ref_axis',(-0.939692620785908,0.342020143325671,0.));
#4091=DIRECTION('',(0.,0.,1.));
#4092=DIRECTION('center_axis',(-0.489195608564645,0.872174097621035,0.));
#4093=DIRECTION('ref_axis',(-0.872174097621035,-0.489195608564645,0.));
#4094=DIRECTION('',(0.872174097621035,0.489195608564645,0.));
#4095=DIRECTION('',(-0.872174097621035,-0.489195608564645,0.));
#4096=DIRECTION('center_axis',(0.,1.,0.));
#4097=DIRECTION('ref_axis',(-1.,0.,0.));
#4098=DIRECTION('',(-1.,0.,0.));
#4099=DIRECTION('',(0.,0.,1.));
#4100=DIRECTION('center_axis',(0.,0.,1.));
#4101=DIRECTION('ref_axis',(1.,-4.93432455388959E-16,0.));
#4102=DIRECTION('center_axis',(0.,0.,1.));
#4103=DIRECTION('ref_axis',(1.,-4.93432455388959E-16,0.));
#4104=DIRECTION('',(0.,0.,1.));
#4105=DIRECTION('center_axis',(1.,0.,0.));
#4106=DIRECTION('ref_axis',(0.,1.,0.));
#4107=DIRECTION('',(0.,1.,0.));
#4108=DIRECTION('',(0.,0.,1.));
#4109=DIRECTION('center_axis',(0.,0.,1.));
#4110=DIRECTION('ref_axis',(-9.86864910777918E-16,-1.,0.));
#4111=DIRECTION('center_axis',(0.,0.,1.));
#4112=DIRECTION('ref_axis',(-9.86864910777918E-16,-1.,0.));
#4113=DIRECTION('',(0.,0.,1.));
#4114=DIRECTION('center_axis',(0.,-1.,0.));
#4115=DIRECTION('ref_axis',(1.,0.,0.));
#4116=DIRECTION('',(1.,0.,0.));
#4117=DIRECTION('center_axis',(0.,0.,1.));
#4118=DIRECTION('ref_axis',(1.,0.,0.));
#4119=DIRECTION('center_axis',(1.,-1.75442650804963E-14,0.));
#4120=DIRECTION('ref_axis',(1.75442650804963E-14,1.,0.));
#4121=DIRECTION('',(1.75442650804963E-14,1.,0.));
#4122=DIRECTION('',(0.,0.,1.));
#4123=DIRECTION('',(1.75442650804963E-14,1.,0.));
#4124=DIRECTION('',(0.,0.,1.));
#4125=DIRECTION('center_axis',(1.75442650804963E-14,1.,0.));
#4126=DIRECTION('ref_axis',(-1.,1.75442650804963E-14,0.));
#4127=DIRECTION('',(-1.,1.75442650804963E-14,0.));
#4128=DIRECTION('',(-1.,1.75442650804963E-14,0.));
#4129=DIRECTION('',(0.,0.,1.));
#4130=DIRECTION('center_axis',(-1.,1.53512319454343E-14,0.));
#4131=DIRECTION('ref_axis',(-1.53512319454343E-14,-1.,0.));
#4132=DIRECTION('',(-1.53512319454343E-14,-1.,0.));
#4133=DIRECTION('',(-1.53512319454343E-14,-1.,0.));
#4134=DIRECTION('',(0.,0.,1.));
#4135=DIRECTION('center_axis',(-1.75442650804963E-14,-1.,0.));
#4136=DIRECTION('ref_axis',(1.,-1.75442650804963E-14,0.));
#4137=DIRECTION('',(1.,-1.75442650804963E-14,0.));
#4138=DIRECTION('',(1.,-1.75442650804963E-14,0.));
#4139=DIRECTION('center_axis',(0.,0.,1.));
#4140=DIRECTION('ref_axis',(1.,0.,0.));
#4141=DIRECTION('center_axis',(0.,0.,-1.));
#4142=DIRECTION('ref_axis',(1.,0.,0.));
#4143=DIRECTION('',(0.,0.,-1.));
#4144=DIRECTION('center_axis',(0.,0.,-1.));
#4145=DIRECTION('ref_axis',(1.,0.,0.));
#4146=DIRECTION('center_axis',(1.,0.,0.));
#4147=DIRECTION('ref_axis',(0.,1.,0.));
#4148=DIRECTION('',(0.,1.,0.));
#4149=DIRECTION('',(0.,0.,1.));
#4150=DIRECTION('',(0.,1.,0.));
#4151=DIRECTION('',(0.,0.,1.));
#4152=DIRECTION('center_axis',(0.,1.,0.));
#4153=DIRECTION('ref_axis',(-1.,0.,0.));
#4154=DIRECTION('',(-1.,0.,0.));
#4155=DIRECTION('',(-1.,0.,0.));
#4156=DIRECTION('',(0.,0.,1.));
#4157=DIRECTION('center_axis',(-1.,0.,0.));
#4158=DIRECTION('ref_axis',(0.,-1.,0.));
#4159=DIRECTION('',(0.,-1.,0.));
#4160=DIRECTION('',(0.,-1.,0.));
#4161=DIRECTION('',(0.,0.,1.));
#4162=DIRECTION('center_axis',(0.,-1.,0.));
#4163=DIRECTION('ref_axis',(1.,0.,0.));
#4164=DIRECTION('',(1.,0.,0.));
#4165=DIRECTION('',(1.,0.,0.));
#4166=DIRECTION('center_axis',(0.,0.,1.));
#4167=DIRECTION('ref_axis',(1.,0.,0.));
#4168=DIRECTION('center_axis',(0.,0.,-1.));
#4169=DIRECTION('ref_axis',(1.,0.,0.));
#4170=DIRECTION('',(0.,0.,-1.));
#4171=DIRECTION('center_axis',(0.,0.,-1.));
#4172=DIRECTION('ref_axis',(1.,0.,0.));
#4173=DIRECTION('center_axis',(0.,0.,1.));
#4174=DIRECTION('ref_axis',(1.,0.,0.));
#4175=DIRECTION('center_axis',(0.,0.,1.));
#4176=DIRECTION('ref_axis',(1.,0.,0.));
#4177=DIRECTION('center_axis',(0.,0.,1.));
#4178=DIRECTION('ref_axis',(-1.,0.,0.));
#4179=DIRECTION('center_axis',(0.,0.,-1.));
#4180=DIRECTION('ref_axis',(-1.,0.,0.));
#4181=DIRECTION('',(0.,0.,-1.));
#4182=DIRECTION('center_axis',(0.,0.,1.));
#4183=DIRECTION('ref_axis',(-1.,0.,0.));
#4184=DIRECTION('center_axis',(0.,0.,1.));
#4185=DIRECTION('ref_axis',(-1.,0.,0.));
#4186=DIRECTION('center_axis',(0.,0.,1.));
#4187=DIRECTION('ref_axis',(-1.,0.,0.));
#4188=DIRECTION('',(0.,0.,-1.));
#4189=DIRECTION('center_axis',(0.,0.,-1.));
#4190=DIRECTION('ref_axis',(-1.,0.,0.));
#4191=DIRECTION('center_axis',(0.,0.,1.));
#4192=DIRECTION('ref_axis',(-1.,0.,0.));
#4193=DIRECTION('center_axis',(0.,0.,1.));
#4194=DIRECTION('ref_axis',(1.,0.,0.));
#4195=DIRECTION('center_axis',(0.,0.,1.));
#4196=DIRECTION('ref_axis',(-1.,0.,0.));
#4197=DIRECTION('center_axis',(0.,0.,-1.));
#4198=DIRECTION('ref_axis',(-1.,0.,0.));
#4199=DIRECTION('',(0.,0.,-1.));
#4200=DIRECTION('center_axis',(0.,0.,1.));
#4201=DIRECTION('ref_axis',(-1.,0.,0.));
#4202=DIRECTION('center_axis',(0.,0.,1.));
#4203=DIRECTION('ref_axis',(-1.,0.,0.));
#4204=DIRECTION('center_axis',(0.,0.,1.));
#4205=DIRECTION('ref_axis',(-1.,0.,0.));
#4206=DIRECTION('',(0.,0.,-1.));
#4207=DIRECTION('center_axis',(0.,0.,-1.));
#4208=DIRECTION('ref_axis',(-1.,0.,0.));
#4209=DIRECTION('center_axis',(0.,0.,1.));
#4210=DIRECTION('ref_axis',(-1.,0.,0.));
#4211=DIRECTION('center_axis',(0.,0.,1.));
#4212=DIRECTION('ref_axis',(1.,0.,0.));
#4213=DIRECTION('center_axis',(0.,0.,1.));
#4214=DIRECTION('ref_axis',(-1.,0.,0.));
#4215=DIRECTION('center_axis',(0.,0.,-1.));
#4216=DIRECTION('ref_axis',(-1.,0.,0.));
#4217=DIRECTION('',(0.,0.,-1.));
#4218=DIRECTION('center_axis',(0.,0.,1.));
#4219=DIRECTION('ref_axis',(-1.,0.,0.));
#4220=DIRECTION('center_axis',(0.,0.,1.));
#4221=DIRECTION('ref_axis',(-1.,0.,0.));
#4222=DIRECTION('center_axis',(0.,0.,1.));
#4223=DIRECTION('ref_axis',(-1.,0.,0.));
#4224=DIRECTION('',(0.,0.,-1.));
#4225=DIRECTION('center_axis',(0.,0.,-1.));
#4226=DIRECTION('ref_axis',(-1.,0.,0.));
#4227=DIRECTION('center_axis',(0.,0.,1.));
#4228=DIRECTION('ref_axis',(-1.,0.,0.));
#4229=DIRECTION('center_axis',(0.,0.,1.));
#4230=DIRECTION('ref_axis',(1.,0.,0.));
#4231=DIRECTION('center_axis',(0.,0.,1.));
#4232=DIRECTION('ref_axis',(-1.,0.,0.));
#4233=DIRECTION('center_axis',(0.,0.,-1.));
#4234=DIRECTION('ref_axis',(-1.,0.,0.));
#4235=DIRECTION('',(0.,0.,-1.));
#4236=DIRECTION('center_axis',(0.,0.,1.));
#4237=DIRECTION('ref_axis',(-1.,0.,0.));
#4238=DIRECTION('center_axis',(0.,0.,1.));
#4239=DIRECTION('ref_axis',(-1.,0.,0.));
#4240=DIRECTION('center_axis',(0.,0.,1.));
#4241=DIRECTION('ref_axis',(-1.,0.,0.));
#4242=DIRECTION('',(0.,0.,-1.));
#4243=DIRECTION('center_axis',(0.,0.,-1.));
#4244=DIRECTION('ref_axis',(-1.,0.,0.));
#4245=DIRECTION('center_axis',(0.,0.,1.));
#4246=DIRECTION('ref_axis',(-1.,0.,0.));
#4247=DIRECTION('center_axis',(0.,0.,1.));
#4248=DIRECTION('ref_axis',(1.,0.,0.));
#4249=DIRECTION('center_axis',(0.,0.,1.));
#4250=DIRECTION('ref_axis',(-1.,0.,0.));
#4251=DIRECTION('center_axis',(0.,0.,-1.));
#4252=DIRECTION('ref_axis',(-1.,0.,0.));
#4253=DIRECTION('',(0.,0.,-1.));
#4254=DIRECTION('center_axis',(0.,0.,1.));
#4255=DIRECTION('ref_axis',(-1.,0.,0.));
#4256=DIRECTION('center_axis',(0.,0.,1.));
#4257=DIRECTION('ref_axis',(-1.,0.,0.));
#4258=DIRECTION('center_axis',(0.,0.,1.));
#4259=DIRECTION('ref_axis',(-1.,0.,0.));
#4260=DIRECTION('',(0.,0.,-1.));
#4261=DIRECTION('center_axis',(0.,0.,-1.));
#4262=DIRECTION('ref_axis',(-1.,0.,0.));
#4263=DIRECTION('center_axis',(0.,0.,1.));
#4264=DIRECTION('ref_axis',(-1.,0.,0.));
#4265=DIRECTION('center_axis',(0.,0.,1.));
#4266=DIRECTION('ref_axis',(1.,0.,0.));
#4267=DIRECTION('center_axis',(0.,0.,1.));
#4268=DIRECTION('ref_axis',(-1.,0.,0.));
#4269=DIRECTION('center_axis',(0.,0.,-1.));
#4270=DIRECTION('ref_axis',(-1.,0.,0.));
#4271=DIRECTION('',(0.,0.,-1.));
#4272=DIRECTION('center_axis',(0.,0.,1.));
#4273=DIRECTION('ref_axis',(-1.,0.,0.));
#4274=DIRECTION('center_axis',(0.,0.,1.));
#4275=DIRECTION('ref_axis',(-1.,0.,0.));
#4276=DIRECTION('center_axis',(0.,0.,1.));
#4277=DIRECTION('ref_axis',(-1.,0.,0.));
#4278=DIRECTION('',(0.,0.,-1.));
#4279=DIRECTION('center_axis',(0.,0.,-1.));
#4280=DIRECTION('ref_axis',(-1.,0.,0.));
#4281=DIRECTION('center_axis',(0.,0.,1.));
#4282=DIRECTION('ref_axis',(-1.,0.,0.));
#4283=DIRECTION('center_axis',(0.,0.,1.));
#4284=DIRECTION('ref_axis',(1.,0.,0.));
#4285=DIRECTION('center_axis',(0.,0.,1.));
#4286=DIRECTION('ref_axis',(1.,0.,0.));
#4287=DIRECTION('center_axis',(0.,0.,1.));
#4288=DIRECTION('ref_axis',(1.,0.,0.));
#4289=DIRECTION('',(0.,0.,1.));
#4290=DIRECTION('center_axis',(0.,0.,1.));
#4291=DIRECTION('ref_axis',(1.,0.,0.));
#4292=DIRECTION('center_axis',(0.489195608564645,0.872174097621035,0.));
#4293=DIRECTION('ref_axis',(-0.872174097621035,0.489195608564645,0.));
#4294=DIRECTION('',(-0.872174097621035,0.489195608564645,0.));
#4295=DIRECTION('',(0.,0.,1.));
#4296=DIRECTION('',(-0.872174097621035,0.489195608564645,0.));
#4297=DIRECTION('',(0.,0.,1.));
#4298=DIRECTION('center_axis',(0.,0.,1.));
#4299=DIRECTION('ref_axis',(-0.489195608564639,-0.872174097621038,0.));
#4300=DIRECTION('center_axis',(0.,0.,-1.));
#4301=DIRECTION('ref_axis',(-0.489195608564639,-0.872174097621038,0.));
#4302=DIRECTION('center_axis',(0.,0.,-1.));
#4303=DIRECTION('ref_axis',(-0.489195608564639,-0.872174097621038,0.));
#4304=DIRECTION('',(0.,0.,1.));
#4305=DIRECTION('center_axis',(-0.939692620785908,-0.342020143325671,0.));
#4306=DIRECTION('ref_axis',(0.34202014332567,-0.939692620785908,0.));
#4307=DIRECTION('',(0.34202014332567,-0.939692620785908,0.));
#4308=DIRECTION('',(0.34202014332567,-0.939692620785908,0.));
#4309=DIRECTION('',(0.,0.,1.));
#4310=DIRECTION('center_axis',(0.,0.,1.));
#4311=DIRECTION('ref_axis',(0.0393883292936535,-0.999223978653162,0.));
#4312=DIRECTION('center_axis',(0.,0.,-1.));
#4313=DIRECTION('ref_axis',(0.0393883292936535,-0.999223978653162,0.));
#4314=DIRECTION('center_axis',(0.,0.,-1.));
#4315=DIRECTION('ref_axis',(0.0393883292936535,-0.999223978653162,0.));
#4316=DIRECTION('',(0.,0.,1.));
#4317=DIRECTION('center_axis',(-1.,0.,0.));
#4318=DIRECTION('ref_axis',(0.,-1.,0.));
#4319=DIRECTION('',(0.,-1.,0.));
#4320=DIRECTION('',(0.,-1.,0.));
#4321=DIRECTION('',(0.,0.,1.));
#4322=DIRECTION('center_axis',(0.,0.,1.));
#4323=DIRECTION('ref_axis',(1.,2.46716227694479E-15,0.));
#4324=DIRECTION('center_axis',(0.,0.,-1.));
#4325=DIRECTION('ref_axis',(1.,2.46716227694479E-15,0.));
#4326=DIRECTION('center_axis',(0.,0.,-1.));
#4327=DIRECTION('ref_axis',(1.,2.46716227694479E-15,0.));
#4328=DIRECTION('',(0.,0.,1.));
#4329=DIRECTION('center_axis',(0.,-1.,0.));
#4330=DIRECTION('ref_axis',(1.,0.,0.));
#4331=DIRECTION('',(1.,0.,0.));
#4332=DIRECTION('',(1.,0.,0.));
#4333=DIRECTION('',(0.,0.,1.));
#4334=DIRECTION('center_axis',(0.,0.,1.));
#4335=DIRECTION('ref_axis',(2.96059473233375E-15,1.,0.));
#4336=DIRECTION('center_axis',(0.,0.,-1.));
#4337=DIRECTION('ref_axis',(2.96059473233375E-15,1.,0.));
#4338=DIRECTION('center_axis',(0.,0.,-1.));
#4339=DIRECTION('ref_axis',(2.96059473233375E-15,1.,0.));
#4340=DIRECTION('',(0.,0.,1.));
#4341=DIRECTION('center_axis',(1.,0.,0.));
#4342=DIRECTION('ref_axis',(0.,1.,0.));
#4343=DIRECTION('',(0.,1.,0.));
#4344=DIRECTION('',(0.,1.,0.));
#4345=DIRECTION('',(0.,0.,1.));
#4346=DIRECTION('center_axis',(0.,0.,1.));
#4347=DIRECTION('ref_axis',(-1.,2.52884133386841E-15,0.));
#4348=DIRECTION('center_axis',(0.,0.,-1.));
#4349=DIRECTION('ref_axis',(-1.,2.52884133386841E-15,0.));
#4350=DIRECTION('center_axis',(0.,0.,-1.));
#4351=DIRECTION('ref_axis',(-1.,2.52884133386841E-15,0.));
#4352=DIRECTION('',(0.,0.,1.));
#4353=DIRECTION('center_axis',(0.,0.,1.));
#4354=DIRECTION('ref_axis',(-1.,0.,0.));
#4355=DIRECTION('center_axis',(0.,0.,1.));
#4356=DIRECTION('ref_axis',(-1.,0.,0.));
#4357=DIRECTION('center_axis',(0.,0.,1.));
#4358=DIRECTION('ref_axis',(-1.,0.,0.));
#4359=DIRECTION('center_axis',(0.,0.,1.));
#4360=DIRECTION('ref_axis',(-1.,0.,0.));
#4361=DIRECTION('center_axis',(0.,0.,1.));
#4362=DIRECTION('ref_axis',(1.,0.,0.));
#4363=DIRECTION('center_axis',(0.,0.,1.));
#4364=DIRECTION('ref_axis',(1.,0.,0.));
#4365=DIRECTION('center_axis',(0.,0.,1.));
#4366=DIRECTION('ref_axis',(1.,0.,0.));
#4367=DIRECTION('center_axis',(0.,0.,1.));
#4368=DIRECTION('ref_axis',(1.,0.,0.));
#4369=DIRECTION('center_axis',(0.,0.,1.));
#4370=DIRECTION('ref_axis',(1.,0.,0.));
#4371=DIRECTION('center_axis',(0.,0.,1.));
#4372=DIRECTION('ref_axis',(1.,0.,0.));
#4373=DIRECTION('center_axis',(0.,0.,1.));
#4374=DIRECTION('ref_axis',(1.,0.,0.));
#4375=DIRECTION('center_axis',(0.,0.,1.));
#4376=DIRECTION('ref_axis',(1.,0.,0.));
#4377=DIRECTION('center_axis',(0.,0.,1.));
#4378=DIRECTION('ref_axis',(-1.,0.,0.));
#4379=DIRECTION('center_axis',(0.,0.,1.));
#4380=DIRECTION('ref_axis',(-1.,0.,0.));
#4381=DIRECTION('center_axis',(0.,0.,1.));
#4382=DIRECTION('ref_axis',(-1.,0.,0.));
#4383=DIRECTION('center_axis',(0.,0.,1.));
#4384=DIRECTION('ref_axis',(-1.,0.,0.));
#4385=DIRECTION('center_axis',(0.,0.,1.));
#4386=DIRECTION('ref_axis',(1.,0.,0.));
#4387=DIRECTION('',(0.,1.,0.));
#4388=DIRECTION('',(-1.,0.,0.));
#4389=DIRECTION('',(0.,-1.,0.));
#4390=DIRECTION('',(1.,1.50851553470936E-14,0.));
#4391=DIRECTION('',(-2.97436494039112E-14,1.,0.));
#4392=DIRECTION('',(-1.,0.,0.));
#4393=DIRECTION('',(0.,-1.,0.));
#4394=DIRECTION('',(1.,-9.34924652315922E-16,0.));
#4395=DIRECTION('',(3.06954461848363E-14,-1.,0.));
#4396=DIRECTION('',(-1.,-1.45205485062809E-14,0.));
#4397=DIRECTION('center_axis',(0.,0.,1.));
#4398=DIRECTION('ref_axis',(1.,0.,0.));
#4399=DIRECTION('',(-1.,0.,0.));
#4400=DIRECTION('',(1.,0.,0.));
#4401=DIRECTION('',(-1.,0.,0.));
#4402=DIRECTION('',(0.,-1.,0.));
#4403=DIRECTION('center_axis',(0.,0.,-1.));
#4404=DIRECTION('ref_axis',(0.,-1.,0.));
#4405=DIRECTION('',(0.34202014332567,-0.939692620785908,0.));
#4406=DIRECTION('center_axis',(0.,0.,-1.));
#4407=DIRECTION('ref_axis',(-0.489195608564644,-0.872174097621036,0.));
#4408=DIRECTION('',(-0.872174097621035,0.489195608564645,0.));
#4409=DIRECTION('',(-1.,0.,0.));
#4410=DIRECTION('center_axis',(0.,0.,-1.));
#4411=DIRECTION('ref_axis',(-1.,2.53765262771465E-15,0.));
#4412=DIRECTION('',(0.,1.,0.));
#4413=DIRECTION('center_axis',(0.,0.,-1.));
#4414=DIRECTION('ref_axis',(3.04518315325758E-15,1.,0.));
#4415=DIRECTION('',(1.,1.48029736616688E-16,0.));
#4416=DIRECTION('center_axis',(0.,0.,-1.));
#4417=DIRECTION('ref_axis',(1.,2.53765262771464E-15,0.));
#4418=DIRECTION('center_axis',(0.,0.,-1.));
#4419=DIRECTION('ref_axis',(1.,0.,0.));
#4420=DIRECTION('center_axis',(0.,0.,1.));
#4421=DIRECTION('ref_axis',(1.,0.,0.));
#4422=DIRECTION('center_axis',(0.,1.,0.));
#4423=DIRECTION('ref_axis',(-1.,0.,0.));
#4424=DIRECTION('',(0.,0.,1.));
#4425=DIRECTION('',(-1.,0.,0.));
#4426=DIRECTION('center_axis',(0.,0.,1.));
#4427=DIRECTION('ref_axis',(1.,0.,0.));
#4428=DIRECTION('',(0.,1.,0.));
#4429=DIRECTION('',(-1.,0.,0.));
#4430=DIRECTION('',(0.,-1.,0.));
#4431=DIRECTION('',(1.,0.,0.));
#4432=DIRECTION('',(0.872174097621034,-0.489195608564646,0.));
#4433=DIRECTION('center_axis',(0.,0.,1.));
#4434=DIRECTION('ref_axis',(-0.489195608564635,-0.87217409762104,0.));
#4435=DIRECTION('',(-0.342020143325673,0.939692620785907,0.));
#4436=DIRECTION('center_axis',(0.,0.,1.));
#4437=DIRECTION('ref_axis',(0.0761406166496439,-0.997097089804304,0.));
#4438=DIRECTION('',(0.,1.,0.));
#4439=DIRECTION('center_axis',(0.,0.,1.));
#4440=DIRECTION('ref_axis',(1.,2.40048221540574E-15,0.));
#4441=DIRECTION('',(-1.,1.48029736616688E-16,0.));
#4442=DIRECTION('center_axis',(0.,0.,1.));
#4443=DIRECTION('ref_axis',(2.88057865848689E-15,1.,0.));
#4444=DIRECTION('',(0.,-1.,0.));
#4445=DIRECTION('center_axis',(0.,0.,1.));
#4446=DIRECTION('ref_axis',(-1.,2.52050632617603E-15,0.));
#4447=DIRECTION('',(1.,0.,0.));
#4448=DIRECTION('center_axis',(0.,1.,0.));
#4449=DIRECTION('ref_axis',(-1.,0.,0.));
#4450=DIRECTION('',(0.,0.,1.));
#4451=DIRECTION('center_axis',(0.,-1.,0.));
#4452=DIRECTION('ref_axis',(1.,0.,0.));
#4453=DIRECTION('',(0.,0.,1.));
#4454=DIRECTION('',(0.,0.,-1.));
#4455=DIRECTION('',(1.,0.,0.));
#4456=DIRECTION('center_axis',(0.,0.,1.));
#4457=DIRECTION('ref_axis',(1.,0.,0.));
#4458=DIRECTION('',(-1.,0.,0.));
#4459=DIRECTION('',(0.,1.,0.));
#4460=DIRECTION('',(0.,1.,0.));
#4461=DIRECTION('center_axis',(0.,0.,1.));
#4462=DIRECTION('ref_axis',(-1.,0.,0.));
#4463=DIRECTION('',(0.,0.,-1.));
#4464=DIRECTION('center_axis',(0.,0.,-1.));
#4465=DIRECTION('ref_axis',(-1.,0.,0.));
#4466=DIRECTION('center_axis',(0.,0.,1.));
#4467=DIRECTION('ref_axis',(-1.,0.,0.));
#4468=DIRECTION('',(0.,0.,-1.));
#4469=DIRECTION('center_axis',(0.,0.,-1.));
#4470=DIRECTION('ref_axis',(-1.,0.,0.));
#4471=DIRECTION('center_axis',(0.,0.,1.));
#4472=DIRECTION('ref_axis',(1.,0.,0.));
#4473=DIRECTION('',(0.,0.,-1.));
#4474=DIRECTION('center_axis',(0.,0.,-1.));
#4475=DIRECTION('ref_axis',(1.,0.,0.));
#4476=DIRECTION('center_axis',(0.,0.,1.));
#4477=DIRECTION('ref_axis',(1.,0.,0.));
#4478=DIRECTION('',(0.,0.,-1.));
#4479=DIRECTION('center_axis',(0.,0.,-1.));
#4480=DIRECTION('ref_axis',(1.,0.,0.));
#4481=DIRECTION('center_axis',(0.,0.,1.));
#4482=DIRECTION('ref_axis',(1.,0.,0.));
#4483=DIRECTION('',(0.,0.,-1.));
#4484=DIRECTION('center_axis',(0.,0.,-1.));
#4485=DIRECTION('ref_axis',(1.,0.,0.));
#4486=DIRECTION('center_axis',(0.,0.,1.));
#4487=DIRECTION('ref_axis',(1.,0.,0.));
#4488=DIRECTION('',(0.,0.,-1.));
#4489=DIRECTION('center_axis',(0.,0.,-1.));
#4490=DIRECTION('ref_axis',(1.,0.,0.));
#4491=DIRECTION('center_axis',(0.,0.,1.));
#4492=DIRECTION('ref_axis',(-1.,2.53765262771465E-15,0.));
#4493=DIRECTION('center_axis',(0.,0.,1.));
#4494=DIRECTION('ref_axis',(-1.,2.53765262771465E-15,0.));
#4495=DIRECTION('',(0.,0.,1.));
#4496=DIRECTION('',(0.,0.,1.));
#4497=DIRECTION('center_axis',(1.,0.,0.));
#4498=DIRECTION('ref_axis',(0.,1.,0.));
#4499=DIRECTION('',(0.,-1.,0.));
#4500=DIRECTION('',(0.,0.,1.));
#4501=DIRECTION('center_axis',(0.,0.,1.));
#4502=DIRECTION('ref_axis',(3.04518315325758E-15,1.,0.));
#4503=DIRECTION('center_axis',(0.,0.,1.));
#4504=DIRECTION('ref_axis',(3.04518315325758E-15,1.,0.));
#4505=DIRECTION('',(0.,0.,1.));
#4506=DIRECTION('center_axis',(0.,0.,1.));
#4507=DIRECTION('ref_axis',(1.,2.53765262771464E-15,0.));
#4508=DIRECTION('center_axis',(0.,0.,1.));
#4509=DIRECTION('ref_axis',(1.,2.53765262771464E-15,0.));
#4510=DIRECTION('',(0.,0.,1.));
#4511=DIRECTION('',(0.,0.,1.));
#4512=DIRECTION('center_axis',(-1.,0.,0.));
#4513=DIRECTION('ref_axis',(0.,-1.,0.));
#4514=DIRECTION('',(0.,1.,0.));
#4515=DIRECTION('',(0.,0.,1.));
#4516=DIRECTION('center_axis',(0.,0.,1.));
#4517=DIRECTION('ref_axis',(0.,-1.,0.));
#4518=DIRECTION('center_axis',(0.,0.,1.));
#4519=DIRECTION('ref_axis',(0.,-1.,0.));
#4520=DIRECTION('',(0.,0.,1.));
#4521=DIRECTION('center_axis',(-0.939692620785908,-0.34202014332567,0.));
#4522=DIRECTION('ref_axis',(0.34202014332567,-0.939692620785908,0.));
#4523=DIRECTION('',(-0.34202014332567,0.939692620785908,0.));
#4524=DIRECTION('',(0.,0.,1.));
#4525=DIRECTION('center_axis',(0.,0.,1.));
#4526=DIRECTION('ref_axis',(-0.489195608564644,-0.872174097621036,0.));
#4527=DIRECTION('center_axis',(0.,0.,1.));
#4528=DIRECTION('ref_axis',(-0.489195608564644,-0.872174097621036,0.));
#4529=DIRECTION('',(0.,0.,1.));
#4530=DIRECTION('center_axis',(0.489195608564645,0.872174097621035,0.));
#4531=DIRECTION('ref_axis',(-0.872174097621035,0.489195608564645,0.));
#4532=DIRECTION('',(0.872174097621035,-0.489195608564645,0.));
#4533=DIRECTION('',(0.,0.,1.));
#4534=DIRECTION('center_axis',(0.,1.,0.));
#4535=DIRECTION('ref_axis',(-1.,0.,0.));
#4536=DIRECTION('',(0.,0.,1.));
#4537=DIRECTION('',(0.,0.,-1.));
#4538=DIRECTION('',(1.,0.,0.));
#4539=DIRECTION('',(1.,0.,0.));
#4540=DIRECTION('center_axis',(0.,0.,1.));
#4541=DIRECTION('ref_axis',(-1.,0.,0.));
#4542=DIRECTION('',(0.,0.,-1.));
#4543=DIRECTION('center_axis',(0.,0.,-1.));
#4544=DIRECTION('ref_axis',(-1.,0.,0.));
#4545=DIRECTION('center_axis',(0.,0.,1.));
#4546=DIRECTION('ref_axis',(-1.,0.,0.));
#4547=DIRECTION('',(0.,0.,-1.));
#4548=DIRECTION('center_axis',(0.,0.,-1.));
#4549=DIRECTION('ref_axis',(-1.,0.,0.));
#4550=DIRECTION('center_axis',(0.,1.,0.));
#4551=DIRECTION('ref_axis',(-1.,0.,0.));
#4552=DIRECTION('',(0.,0.,-1.));
#4553=DIRECTION('',(1.,0.,0.));
#4554=DIRECTION('',(0.,0.,1.));
#4555=DIRECTION('center_axis',(-1.,0.,0.));
#4556=DIRECTION('ref_axis',(0.,-1.,0.));
#4557=DIRECTION('',(0.,1.,0.));
#4558=DIRECTION('',(0.,0.,1.));
#4559=DIRECTION('center_axis',(1.50851553470936E-14,-1.,0.));
#4560=DIRECTION('ref_axis',(1.,1.50851553470936E-14,0.));
#4561=DIRECTION('',(-1.,-1.50851553470936E-14,0.));
#4562=DIRECTION('',(0.,0.,1.));
#4563=DIRECTION('center_axis',(1.,2.97436494039112E-14,0.));
#4564=DIRECTION('ref_axis',(-2.97436494039112E-14,1.,0.));
#4565=DIRECTION('',(2.97436494039112E-14,-1.,0.));
#4566=DIRECTION('',(0.,0.,1.));
#4567=DIRECTION('center_axis',(0.,1.,0.));
#4568=DIRECTION('ref_axis',(-1.,0.,0.));
#4569=DIRECTION('',(0.,0.,1.));
#4570=DIRECTION('',(1.,0.,0.));
#4571=DIRECTION('center_axis',(1.,0.,0.));
#4572=DIRECTION('ref_axis',(0.,-1.,0.));
#4573=DIRECTION('',(0.,-1.,0.));
#4574=DIRECTION('',(0.,0.,-1.));
#4575=DIRECTION('center_axis',(-9.34924652315922E-16,-1.,0.));
#4576=DIRECTION('ref_axis',(1.,-9.34924652315922E-16,0.));
#4577=DIRECTION('',(-1.,9.34924652315922E-16,0.));
#4578=DIRECTION('',(0.,0.,1.));
#4579=DIRECTION('center_axis',(-1.,-3.06954461848363E-14,0.));
#4580=DIRECTION('ref_axis',(3.06954461848363E-14,-1.,0.));
#4581=DIRECTION('',(-3.06954461848363E-14,1.,0.));
#4582=DIRECTION('',(0.,0.,1.));
#4583=DIRECTION('center_axis',(-1.45205485062809E-14,1.,0.));
#4584=DIRECTION('ref_axis',(-1.,-1.45205485062809E-14,0.));
#4585=DIRECTION('',(1.,1.45205485062809E-14,0.));
#4586=DIRECTION('',(0.,0.,1.));
#4587=DIRECTION('center_axis',(1.,0.,0.));
#4588=DIRECTION('ref_axis',(0.,1.,0.));
#4589=DIRECTION('',(0.,-1.,0.));
#4590=DIRECTION('center_axis',(1.48029736616688E-16,-1.,0.));
#4591=DIRECTION('ref_axis',(1.,1.48029736616688E-16,0.));
#4592=DIRECTION('',(-1.,-1.48029736616688E-16,0.));
#4593=DIRECTION('',(1.02818010705387E-6,1.52201230441702E-22,-0.999999999999471));
#4594=DIRECTION('',(-1.,-1.48029736616688E-16,0.));
#4595=DIRECTION('',(0.,0.,1.));
#4596=DIRECTION('',(1.,1.48029736616688E-16,0.));
#4597=DIRECTION('center_axis',(-1.,0.,0.));
#4598=DIRECTION('ref_axis',(0.,-1.,0.));
#4599=DIRECTION('',(0.,1.,0.));
#4600=DIRECTION('',(0.,0.,1.));
#4601=DIRECTION('',(0.,0.,1.));
#4602=DIRECTION('center_axis',(0.,0.,1.));
#4603=DIRECTION('ref_axis',(-1.,2.52050632617603E-15,0.));
#4604=DIRECTION('center_axis',(0.,0.,-1.));
#4605=DIRECTION('ref_axis',(-1.,2.52050632617603E-15,0.));
#4606=DIRECTION('',(0.,0.,1.));
#4607=DIRECTION('center_axis',(0.,-1.,0.));
#4608=DIRECTION('ref_axis',(1.,0.,0.));
#4609=DIRECTION('',(-1.,0.,0.));
#4610=DIRECTION('',(0.,0.,1.));
#4611=DIRECTION('center_axis',(0.,1.,0.));
#4612=DIRECTION('ref_axis',(-1.,0.,0.));
#4613=DIRECTION('',(0.,0.,1.));
#4614=DIRECTION('',(-1.,0.,0.));
#4615=DIRECTION('',(0.,0.,-1.));
#4616=DIRECTION('',(1.,0.,0.));
#4617=DIRECTION('center_axis',(0.,-1.,0.));
#4618=DIRECTION('ref_axis',(1.,0.,0.));
#4619=DIRECTION('',(-1.,0.,0.));
#4620=DIRECTION('',(0.,0.,1.));
#4621=DIRECTION('',(0.,0.,1.));
#4622=DIRECTION('center_axis',(-0.489195608564646,-0.872174097621035,0.));
#4623=DIRECTION('ref_axis',(0.872174097621034,-0.489195608564646,0.));
#4624=DIRECTION('',(-0.872174097621034,0.489195608564646,0.));
#4625=DIRECTION('',(0.,0.,1.));
#4626=DIRECTION('center_axis',(0.,0.,1.));
#4627=DIRECTION('ref_axis',(-0.489195608564635,-0.87217409762104,0.));
#4628=DIRECTION('center_axis',(0.,0.,-1.));
#4629=DIRECTION('ref_axis',(-0.489195608564635,-0.87217409762104,0.));
#4630=DIRECTION('',(0.,0.,1.));
#4631=DIRECTION('center_axis',(0.939692620785907,0.342020143325673,0.));
#4632=DIRECTION('ref_axis',(-0.342020143325673,0.939692620785907,0.));
#4633=DIRECTION('',(0.342020143325673,-0.939692620785907,0.));
#4634=DIRECTION('',(0.,0.,1.));
#4635=DIRECTION('center_axis',(0.,0.,1.));
#4636=DIRECTION('ref_axis',(0.0761406166496439,-0.997097089804304,0.));
#4637=DIRECTION('center_axis',(0.,0.,-1.));
#4638=DIRECTION('ref_axis',(0.0761406166496439,-0.997097089804304,0.));
#4639=DIRECTION('',(0.,0.,1.));
#4640=DIRECTION('center_axis',(1.,0.,0.));
#4641=DIRECTION('ref_axis',(0.,1.,0.));
#4642=DIRECTION('',(0.,-1.,0.));
#4643=DIRECTION('',(0.,0.,1.));
#4644=DIRECTION('center_axis',(0.,0.,1.));
#4645=DIRECTION('ref_axis',(1.,2.40048221540574E-15,0.));
#4646=DIRECTION('center_axis',(0.,0.,-1.));
#4647=DIRECTION('ref_axis',(1.,2.40048221540574E-15,0.));
#4648=DIRECTION('',(0.,0.,1.));
#4649=DIRECTION('center_axis',(1.48029736616688E-16,1.,0.));
#4650=DIRECTION('ref_axis',(-1.,1.48029736616688E-16,0.));
#4651=DIRECTION('',(1.,-1.48029736616688E-16,0.));
#4652=DIRECTION('',(0.,0.,1.));
#4653=DIRECTION('center_axis',(0.,0.,1.));
#4654=DIRECTION('ref_axis',(2.88057865848689E-15,1.,0.));
#4655=DIRECTION('center_axis',(0.,0.,-1.));
#4656=DIRECTION('ref_axis',(2.88057865848689E-15,1.,0.));
#4657=DIRECTION('center_axis',(0.,0.,1.));
#4658=DIRECTION('ref_axis',(1.,0.,0.));
#4659=DIRECTION('center_axis',(0.,0.,1.));
#4660=DIRECTION('ref_axis',(1.,0.,0.));
#4661=DIRECTION('',(0.,0.,1.));
#4662=DIRECTION('center_axis',(1.,0.,0.));
#4663=DIRECTION('ref_axis',(0.,0.,-1.));
#4664=DIRECTION('',(0.,1.,0.));
#4665=DIRECTION('',(0.,0.,-1.));
#4666=DIRECTION('',(0.,1.,0.));
#4667=DIRECTION('center_axis',(0.,0.,1.));
#4668=DIRECTION('ref_axis',(1.,0.,0.));
#4669=DIRECTION('',(1.,0.,0.));
#4670=DIRECTION('',(0.,1.,0.));
#4671=DIRECTION('center_axis',(-1.,0.,0.));
#4672=DIRECTION('ref_axis',(0.,0.,1.));
#4673=DIRECTION('',(0.,0.,1.));
#4674=DIRECTION('',(0.,1.,0.));
#4675=DIRECTION('center_axis',(0.,0.,1.));
#4676=DIRECTION('ref_axis',(1.,0.,0.));
#4677=DIRECTION('',(-1.,0.,0.));
#4678=DIRECTION('center_axis',(0.,0.,-1.));
#4679=DIRECTION('ref_axis',(1.,0.,0.));
#4680=DIRECTION('',(0.,-1.,0.));
#4681=DIRECTION('',(1.,-1.48029736616688E-16,0.));
#4682=DIRECTION('',(0.,-1.,0.));
#4683=DIRECTION('center_axis',(-1.,0.,0.));
#4684=DIRECTION('ref_axis',(0.,0.,-1.));
#4685=DIRECTION('',(0.,0.,-1.));
#4686=DIRECTION('',(0.,-1.,0.));
#4687=DIRECTION('center_axis',(0.,0.,1.));
#4688=DIRECTION('ref_axis',(-1.,0.,0.));
#4689=DIRECTION('',(-1.,1.48029736616688E-16,0.));
#4690=DIRECTION('',(0.,-1.,0.));
#4691=DIRECTION('center_axis',(0.999999999999472,0.,1.02818010705387E-6));
#4692=DIRECTION('ref_axis',(-1.02818010705387E-6,0.,0.999999999999471));
#4693=DIRECTION('',(-1.02818010705387E-6,1.52201230441702E-22,0.999999999999471));
#4694=DIRECTION('center_axis',(0.,0.,1.));
#4695=DIRECTION('ref_axis',(1.,0.,0.));
#4696=DIRECTION('center_axis',(0.,0.,1.));
#4697=DIRECTION('ref_axis',(2.80477395694777E-15,1.,0.));
#4698=DIRECTION('',(0.,-1.,0.));
#4699=DIRECTION('center_axis',(0.,0.,1.));
#4700=DIRECTION('ref_axis',(-1.,2.51261000309904E-15,0.));
#4701=DIRECTION('',(1.,0.,0.));
#4702=DIRECTION('',(0.872174097621034,-0.489195608564646,0.));
#4703=DIRECTION('center_axis',(0.,0.,1.));
#4704=DIRECTION('ref_axis',(-0.489195608564633,-0.872174097621042,0.));
#4705=DIRECTION('',(-0.342020143325675,0.939692620785906,0.));
#4706=DIRECTION('center_axis',(0.,0.,1.));
#4707=DIRECTION('ref_axis',(0.110518855220733,-0.993874027551127,0.));
#4708=DIRECTION('',(0.,1.,0.));
#4709=DIRECTION('center_axis',(0.,0.,1.));
#4710=DIRECTION('ref_axis',(1.,2.3373116307898E-15,0.));
#4711=DIRECTION('',(-1.,1.48029736616688E-16,0.));
#4712=DIRECTION('center_axis',(0.,0.,1.));
#4713=DIRECTION('ref_axis',(-1.,0.,0.));
#4714=DIRECTION('center_axis',(0.,0.,1.));
#4715=DIRECTION('ref_axis',(1.,0.,0.));
#4716=DIRECTION('center_axis',(0.,0.,-1.));
#4717=DIRECTION('ref_axis',(1.,0.,0.));
#4718=DIRECTION('center_axis',(0.,0.,1.));
#4719=DIRECTION('ref_axis',(1.,0.,0.));
#4720=DIRECTION('center_axis',(0.,0.,-1.));
#4721=DIRECTION('ref_axis',(1.,0.,0.));
#4722=DIRECTION('center_axis',(0.,0.,1.));
#4723=DIRECTION('ref_axis',(1.,0.,0.));
#4724=DIRECTION('center_axis',(-1.,0.,0.));
#4725=DIRECTION('ref_axis',(0.,-1.,0.));
#4726=DIRECTION('',(0.,1.,0.));
#4727=DIRECTION('',(0.,0.,1.));
#4728=DIRECTION('',(0.,0.,1.));
#4729=DIRECTION('center_axis',(0.,0.,1.));
#4730=DIRECTION('ref_axis',(-1.,2.51261000309904E-15,0.));
#4731=DIRECTION('center_axis',(0.,0.,1.));
#4732=DIRECTION('ref_axis',(-1.,2.51261000309904E-15,0.));
#4733=DIRECTION('',(0.,0.,1.));
#4734=DIRECTION('center_axis',(0.,-1.,0.));
#4735=DIRECTION('ref_axis',(1.,0.,0.));
#4736=DIRECTION('',(-1.,0.,0.));
#4737=DIRECTION('',(0.,0.,1.));
#4738=DIRECTION('center_axis',(-0.489195608564646,-0.872174097621034,0.));
#4739=DIRECTION('ref_axis',(0.872174097621034,-0.489195608564646,0.));
#4740=DIRECTION('',(-0.872174097621034,0.489195608564646,0.));
#4741=DIRECTION('',(0.,0.,1.));
#4742=DIRECTION('center_axis',(0.,0.,1.));
#4743=DIRECTION('ref_axis',(-0.489195608564633,-0.872174097621042,0.));
#4744=DIRECTION('center_axis',(0.,0.,1.));
#4745=DIRECTION('ref_axis',(-0.489195608564633,-0.872174097621042,0.));
#4746=DIRECTION('',(0.,0.,1.));
#4747=DIRECTION('center_axis',(0.939692620785906,0.342020143325675,0.));
#4748=DIRECTION('ref_axis',(-0.342020143325675,0.939692620785906,0.));
#4749=DIRECTION('',(0.342020143325675,-0.939692620785906,0.));
#4750=DIRECTION('',(0.,0.,1.));
#4751=DIRECTION('center_axis',(0.,0.,1.));
#4752=DIRECTION('ref_axis',(0.110518855220733,-0.993874027551127,0.));
#4753=DIRECTION('center_axis',(0.,0.,1.));
#4754=DIRECTION('ref_axis',(0.110518855220733,-0.993874027551127,0.));
#4755=DIRECTION('',(0.,0.,1.));
#4756=DIRECTION('center_axis',(1.,0.,0.));
#4757=DIRECTION('ref_axis',(0.,1.,0.));
#4758=DIRECTION('',(0.,-1.,0.));
#4759=DIRECTION('',(0.,0.,1.));
#4760=DIRECTION('center_axis',(0.,0.,1.));
#4761=DIRECTION('ref_axis',(1.,2.3373116307898E-15,0.));
#4762=DIRECTION('center_axis',(0.,0.,1.));
#4763=DIRECTION('ref_axis',(1.,2.3373116307898E-15,0.));
#4764=DIRECTION('',(0.,0.,1.));
#4765=DIRECTION('center_axis',(1.48029736616688E-16,1.,0.));
#4766=DIRECTION('ref_axis',(-1.,1.48029736616688E-16,0.));
#4767=DIRECTION('',(1.,-1.48029736616688E-16,0.));
#4768=DIRECTION('',(0.,0.,1.));
#4769=DIRECTION('center_axis',(0.,0.,1.));
#4770=DIRECTION('ref_axis',(2.80477395694777E-15,1.,0.));
#4771=DIRECTION('center_axis',(0.,0.,1.));
#4772=DIRECTION('ref_axis',(2.80477395694777E-15,1.,0.));
#4773=DIRECTION('center_axis',(0.,0.,1.));
#4774=DIRECTION('ref_axis',(1.,0.,0.));
#4775=DIRECTION('center_axis',(0.,0.,1.));
#4776=DIRECTION('ref_axis',(1.,0.,0.));
#4777=DIRECTION('',(0.,0.,1.));
#4778=DIRECTION('center_axis',(0.,0.,1.));
#4779=DIRECTION('ref_axis',(1.,0.,0.));
#4780=DIRECTION('center_axis',(0.,0.,1.));
#4781=DIRECTION('ref_axis',(1.,0.,0.));
#4782=DIRECTION('',(0.,0.,1.));
#4783=DIRECTION('center_axis',(0.,0.,1.));
#4784=DIRECTION('ref_axis',(1.,0.,0.));
#4785=DIRECTION('center_axis',(0.,0.,1.));
#4786=DIRECTION('ref_axis',(1.,0.,0.));
#4787=DIRECTION('',(0.,0.,1.));
#4788=DIRECTION('center_axis',(0.,0.,1.));
#4789=DIRECTION('ref_axis',(1.,0.,0.));
#4790=DIRECTION('center_axis',(0.,0.,-1.));
#4791=DIRECTION('ref_axis',(1.,0.,0.));
#4792=DIRECTION('center_axis',(4.42564480388812E-7,-0.999999999999902,0.));
#4793=DIRECTION('ref_axis',(-0.999999999999902,-4.42564480388812E-7,0.));
#4794=DIRECTION('',(-0.999999999999902,-4.42564480388812E-7,0.));
#4795=DIRECTION('',(0.,0.,-1.));
#4796=DIRECTION('',(-0.999999999999902,-4.42564480388812E-7,0.));
#4797=DIRECTION('',(0.,0.,-1.));
#4798=DIRECTION('center_axis',(-1.,0.,0.));
#4799=DIRECTION('ref_axis',(0.,1.,0.));
#4800=DIRECTION('',(0.,1.,0.));
#4801=DIRECTION('',(0.,0.,-1.));
#4802=DIRECTION('',(0.,1.,0.));
#4803=DIRECTION('center_axis',(0.,1.,0.));
#4804=DIRECTION('ref_axis',(1.,0.,0.));
#4805=DIRECTION('',(1.,0.,0.));
#4806=DIRECTION('',(0.,0.,-1.));
#4807=DIRECTION('',(1.,0.,0.));
#4808=DIRECTION('center_axis',(1.,0.,0.));
#4809=DIRECTION('ref_axis',(0.,-1.,0.));
#4810=DIRECTION('',(0.,-1.,0.));
#4811=DIRECTION('',(0.,0.,-1.));
#4812=DIRECTION('',(0.,-1.,0.));
#4813=DIRECTION('center_axis',(0.,-1.,0.));
#4814=DIRECTION('ref_axis',(-1.,0.,0.));
#4815=DIRECTION('',(-1.,0.,0.));
#4816=DIRECTION('',(0.,0.,1.));
#4817=DIRECTION('',(-1.,0.,0.));
#4818=DIRECTION('center_axis',(0.,0.,-1.));
#4819=DIRECTION('ref_axis',(-1.,0.,0.));
#4820=DIRECTION('',(0.,-1.,0.));
#4821=DIRECTION('',(1.,0.,0.));
#4822=DIRECTION('',(0.,1.,0.));
#4823=DIRECTION('',(-1.,0.,0.));
#4824=DIRECTION('',(0.,-1.,0.));
#4825=DIRECTION('',(1.,0.,0.));
#4826=DIRECTION('',(0.,1.,0.));
#4827=DIRECTION('center_axis',(0.,1.,0.));
#4828=DIRECTION('ref_axis',(-1.,0.,0.));
#4829=DIRECTION('',(0.,0.,1.));
#4830=DIRECTION('',(1.,0.,0.));
#4831=DIRECTION('',(0.,0.,1.));
#4832=DIRECTION('center_axis',(1.,0.,0.));
#4833=DIRECTION('ref_axis',(0.,1.,0.));
#4834=DIRECTION('',(0.,0.,1.));
#4835=DIRECTION('',(0.,1.,0.));
#4836=DIRECTION('center_axis',(0.,-1.,0.));
#4837=DIRECTION('ref_axis',(1.,0.,0.));
#4838=DIRECTION('',(0.,0.,1.));
#4839=DIRECTION('',(-1.,0.,0.));
#4840=DIRECTION('center_axis',(-1.,0.,0.));
#4841=DIRECTION('ref_axis',(0.,-1.,0.));
#4842=DIRECTION('',(0.,0.,1.));
#4843=DIRECTION('',(0.,1.,0.));
#4844=DIRECTION('center_axis',(0.,1.,0.));
#4845=DIRECTION('ref_axis',(-1.,0.,0.));
#4846=DIRECTION('',(0.,0.,1.));
#4847=DIRECTION('',(1.,0.,0.));
#4848=DIRECTION('center_axis',(1.,0.,0.));
#4849=DIRECTION('ref_axis',(0.,1.,0.));
#4850=DIRECTION('',(0.,1.,0.));
#4851=DIRECTION('',(0.,0.,1.));
#4852=DIRECTION('',(0.,-1.,0.));
#4853=DIRECTION('center_axis',(0.,1.,0.));
#4854=DIRECTION('ref_axis',(-1.,0.,0.));
#4855=DIRECTION('',(-1.,0.,0.));
#4856=DIRECTION('',(0.,0.,1.));
#4857=DIRECTION('',(1.,0.,0.));
#4858=DIRECTION('center_axis',(-1.,0.,0.));
#4859=DIRECTION('ref_axis',(0.,-1.,0.));
#4860=DIRECTION('',(0.,1.,0.));
#4861=DIRECTION('',(0.,-1.,0.));
#4862=DIRECTION('center_axis',(0.,0.,1.));
#4863=DIRECTION('ref_axis',(1.,0.,0.));
#4864=DIRECTION('center_axis',(0.,0.,1.));
#4865=DIRECTION('ref_axis',(1.,0.,0.));
#4866=CARTESIAN_POINT('',(0.,0.,0.));
#4867=CARTESIAN_POINT('Origin',(40.,122.,0.));
#4868=CARTESIAN_POINT('',(160.,122.,8.));
#4869=CARTESIAN_POINT('',(40.,122.,8.));
#4870=CARTESIAN_POINT('',(160.,122.,8.));
#4871=CARTESIAN_POINT('',(160.,122.,10.));
#4872=CARTESIAN_POINT('',(160.,122.,0.));
#4873=CARTESIAN_POINT('',(40.,122.,10.));
#4874=CARTESIAN_POINT('',(160.,122.,10.));
#4875=CARTESIAN_POINT('',(40.,122.,0.));
#4876=CARTESIAN_POINT('Origin',(160.,85.,0.));
#4877=CARTESIAN_POINT('',(197.,85.,8.));
#4878=CARTESIAN_POINT('Origin',(160.,85.,8.));
#4879=CARTESIAN_POINT('',(197.,85.,10.));
#4880=CARTESIAN_POINT('',(197.,85.,0.));
#4881=CARTESIAN_POINT('Origin',(160.,85.,10.));
#4882=CARTESIAN_POINT('Origin',(197.,85.,0.));
#4883=CARTESIAN_POINT('',(197.,15.0000000000001,8.));
#4884=CARTESIAN_POINT('',(197.,15.0000000000001,8.));
#4885=CARTESIAN_POINT('',(197.,15.0000000000001,10.));
#4886=CARTESIAN_POINT('',(197.,15.0000000000001,0.));
#4887=CARTESIAN_POINT('',(197.,15.0000000000001,10.));
#4888=CARTESIAN_POINT('Origin',(160.,15.,0.));
#4889=CARTESIAN_POINT('',(160.,-22.,8.));
#4890=CARTESIAN_POINT('Origin',(160.,15.,8.));
#4891=CARTESIAN_POINT('',(160.,-22.,10.));
#4892=CARTESIAN_POINT('',(160.,-22.,0.));
#4893=CARTESIAN_POINT('Origin',(160.,15.,10.));
#4894=CARTESIAN_POINT('Origin',(160.,-22.,0.));
#4895=CARTESIAN_POINT('',(80.5225962790387,-22.,8.));
#4896=CARTESIAN_POINT('',(80.5225962790387,-22.,8.));
#4897=CARTESIAN_POINT('',(80.5225962790387,-22.,10.));
#4898=CARTESIAN_POINT('',(80.5225962790387,-22.,0.));
#4899=CARTESIAN_POINT('',(80.5225962790387,-22.,10.));
#4900=CARTESIAN_POINT('Origin',(40.,85.,0.));
#4901=CARTESIAN_POINT('',(2.99999999999999,85.,8.));
#4902=CARTESIAN_POINT('Origin',(40.,85.,8.));
#4903=CARTESIAN_POINT('',(2.99999999999999,85.,10.));
#4904=CARTESIAN_POINT('Origin',(40.,85.,10.));
#4905=CARTESIAN_POINT('',(2.99999999999999,85.,0.));
#4906=CARTESIAN_POINT('Origin',(3.,15.,0.));
#4907=CARTESIAN_POINT('',(3.00000000000001,15.,8.));
#4908=CARTESIAN_POINT('',(2.99999999999999,85.,8.));
#4909=CARTESIAN_POINT('',(3.00000000000001,15.,10.));
#4910=CARTESIAN_POINT('',(2.99999999999999,85.,10.));
#4911=CARTESIAN_POINT('',(3.,15.,0.));
#4912=CARTESIAN_POINT('Origin',(40.,15.,0.));
#4913=CARTESIAN_POINT('',(37.1827971839631,-21.8925923227592,8.));
#4914=CARTESIAN_POINT('Origin',(40.,15.,8.));
#4915=CARTESIAN_POINT('',(37.1827971839631,-21.8925923227592,10.));
#4916=CARTESIAN_POINT('Origin',(40.,15.,10.));
#4917=CARTESIAN_POINT('',(37.1827971839631,-21.8925923227592,0.));
#4918=CARTESIAN_POINT('Origin',(32.4691296875092,-34.8432873320836,0.));
#4919=CARTESIAN_POINT('',(32.4691296875092,-34.8432873320836,8.));
#4920=CARTESIAN_POINT('',(37.1827971839631,-21.8925923227592,8.));
#4921=CARTESIAN_POINT('',(32.4691296875092,-34.8432873320836,10.));
#4922=CARTESIAN_POINT('',(37.1827971839631,-21.8925923227592,10.));
#4923=CARTESIAN_POINT('',(32.4691296875092,-34.8432873320836,0.));
#4924=CARTESIAN_POINT('Origin',(39.0469780330105,-37.2374283353633,0.));
#4925=CARTESIAN_POINT('',(42.471347292963,-43.3426470187105,8.));
#4926=CARTESIAN_POINT('Origin',(39.0469780330105,-37.2374283353633,8.));
#4927=CARTESIAN_POINT('',(42.471347292963,-43.3426470187105,10.));
#4928=CARTESIAN_POINT('Origin',(39.0469780330105,-37.2374283353633,10.));
#4929=CARTESIAN_POINT('',(42.471347292963,-43.3426470187105,0.));
#4930=CARTESIAN_POINT('Origin',(80.5225962790387,-22.,0.));
#4931=CARTESIAN_POINT('',(42.471347292963,-43.3426470187105,8.));
#4932=CARTESIAN_POINT('',(42.471347292963,-43.3426470187105,10.));
#4933=CARTESIAN_POINT('Origin',(42.9605429015277,-44.2148211163315,0.));
#4934=CARTESIAN_POINT('',(42.9605429015277,-44.2148211163315,0.));
#4935=CARTESIAN_POINT('',(80.783894418558,-23.,0.));
#4936=CARTESIAN_POINT('',(42.9605429015277,-44.2148211163315,0.));
#4937=CARTESIAN_POINT('',(80.783894418558,-23.,10.));
#4938=CARTESIAN_POINT('',(80.783894418558,-23.,0.));
#4939=CARTESIAN_POINT('',(42.9605429015277,-44.2148211163315,10.));
#4940=CARTESIAN_POINT('',(42.9605429015277,-44.2148211163315,10.));
#4941=CARTESIAN_POINT('',(42.9605429015277,-44.2148211163315,0.));
#4942=CARTESIAN_POINT('Origin',(39.0469780330105,-37.2374283353633,0.));
#4943=CARTESIAN_POINT('',(31.5294370667232,-34.5012671887579,0.));
#4944=CARTESIAN_POINT('Origin',(39.0469780330105,-37.2374283353633,0.));
#4945=CARTESIAN_POINT('',(31.5294370667232,-34.5012671887579,10.));
#4946=CARTESIAN_POINT('Origin',(39.0469780330105,-37.2374283353633,10.));
#4947=CARTESIAN_POINT('',(31.5294370667232,-34.5012671887579,0.));
#4948=CARTESIAN_POINT('Origin',(35.800283501612,-22.7672130469428,0.));
#4949=CARTESIAN_POINT('',(35.800283501612,-22.7672130469428,0.));
#4950=CARTESIAN_POINT('',(35.800283501612,-22.7672130469428,0.));
#4951=CARTESIAN_POINT('',(35.800283501612,-22.7672130469428,10.));
#4952=CARTESIAN_POINT('',(35.800283501612,-22.7672130469428,10.));
#4953=CARTESIAN_POINT('',(35.800283501612,-22.7672130469428,0.));
#4954=CARTESIAN_POINT('Origin',(40.,15.,0.));
#4955=CARTESIAN_POINT('',(2.,15.,0.));
#4956=CARTESIAN_POINT('Origin',(40.,15.,0.));
#4957=CARTESIAN_POINT('',(1.99999999999999,15.,10.));
#4958=CARTESIAN_POINT('Origin',(40.,15.,10.));
#4959=CARTESIAN_POINT('',(2.,15.,0.));
#4960=CARTESIAN_POINT('Origin',(2.,85.,0.));
#4961=CARTESIAN_POINT('',(2.,85.,0.));
#4962=CARTESIAN_POINT('',(2.,85.,0.));
#4963=CARTESIAN_POINT('',(1.99999999999999,85.,10.));
#4964=CARTESIAN_POINT('',(2.,85.,10.));
#4965=CARTESIAN_POINT('',(2.,85.,0.));
#4966=CARTESIAN_POINT('Origin',(40.,85.,0.));
#4967=CARTESIAN_POINT('',(40.,123.,0.));
#4968=CARTESIAN_POINT('Origin',(40.,85.,0.));
#4969=CARTESIAN_POINT('',(40.,123.,10.));
#4970=CARTESIAN_POINT('Origin',(40.,85.,10.));
#4971=CARTESIAN_POINT('',(40.,123.,0.));
#4972=CARTESIAN_POINT('Origin',(160.,123.,0.));
#4973=CARTESIAN_POINT('',(160.,123.,0.));
#4974=CARTESIAN_POINT('',(160.,123.,0.));
#4975=CARTESIAN_POINT('',(160.,123.,10.));
#4976=CARTESIAN_POINT('',(160.,123.,10.));
#4977=CARTESIAN_POINT('',(160.,123.,0.));
#4978=CARTESIAN_POINT('Origin',(160.,85.,0.));
#4979=CARTESIAN_POINT('',(198.,85.,0.));
#4980=CARTESIAN_POINT('Origin',(160.,85.,0.));
#4981=CARTESIAN_POINT('',(198.,85.,10.));
#4982=CARTESIAN_POINT('Origin',(160.,85.,10.));
#4983=CARTESIAN_POINT('',(198.,85.,0.));
#4984=CARTESIAN_POINT('Origin',(198.,15.0000000000001,0.));
#4985=CARTESIAN_POINT('',(198.,15.0000000000001,0.));
#4986=CARTESIAN_POINT('',(198.,15.0000000000001,0.));
#4987=CARTESIAN_POINT('',(198.,15.0000000000001,10.));
#4988=CARTESIAN_POINT('',(198.,15.0000000000001,10.));
#4989=CARTESIAN_POINT('',(198.,15.0000000000001,0.));
#4990=CARTESIAN_POINT('Origin',(160.,15.,0.));
#4991=CARTESIAN_POINT('',(160.,-23.,0.));
#4992=CARTESIAN_POINT('Origin',(160.,15.,0.));
#4993=CARTESIAN_POINT('',(160.,-23.,10.));
#4994=CARTESIAN_POINT('Origin',(160.,15.,10.));
#4995=CARTESIAN_POINT('',(160.,-23.,0.));
#4996=CARTESIAN_POINT('Origin',(80.783894418558,-23.,0.));
#4997=CARTESIAN_POINT('',(80.783894418558,-23.,0.));
#4998=CARTESIAN_POINT('',(80.783894418558,-23.,10.));
#4999=CARTESIAN_POINT('Origin',(100.,38.8812858323184,10.));
#5000=CARTESIAN_POINT('Origin',(100.,38.8812858323184,8.));
#5001=CARTESIAN_POINT('',(80.2612981395193,-21.,8.));
#5002=CARTESIAN_POINT('',(160.,-21.,8.));
#5003=CARTESIAN_POINT('',(90.1306490697597,-21.,8.));
#5004=CARTESIAN_POINT('',(41.9821516843984,-42.4704729210895,8.));
#5005=CARTESIAN_POINT('',(81.4038049813678,-20.3591768761399,8.));
#5006=CARTESIAN_POINT('',(33.4088223082951,-35.1853074754093,8.));
#5007=CARTESIAN_POINT('Origin',(39.0469780330105,-37.2374283353633,8.));
#5008=CARTESIAN_POINT('',(38.5820201454284,-20.9720632315138,8.));
#5009=CARTESIAN_POINT('',(51.7925373593931,15.3235345131705,8.));
#5010=CARTESIAN_POINT('',(4.,15.,8.));
#5011=CARTESIAN_POINT('Origin',(40.,15.,8.));
#5012=CARTESIAN_POINT('',(3.99999999999999,85.,8.));
#5013=CARTESIAN_POINT('',(3.99999999999999,61.9406429161592,8.));
#5014=CARTESIAN_POINT('',(40.,121.,8.));
#5015=CARTESIAN_POINT('Origin',(40.,85.,8.));
#5016=CARTESIAN_POINT('',(160.,121.,8.));
#5017=CARTESIAN_POINT('',(130.,121.,8.));
#5018=CARTESIAN_POINT('',(196.,85.,8.));
#5019=CARTESIAN_POINT('Origin',(160.,85.,8.));
#5020=CARTESIAN_POINT('',(196.,15.0000000000001,8.));
#5021=CARTESIAN_POINT('',(196.,26.9406429161592,8.));
#5022=CARTESIAN_POINT('Origin',(160.,15.,8.));
#5023=CARTESIAN_POINT('Origin',(40.,85.,0.));
#5024=CARTESIAN_POINT('',(3.99999999999999,85.,10.));
#5025=CARTESIAN_POINT('',(3.99999999999999,85.,0.));
#5026=CARTESIAN_POINT('',(40.,121.,10.));
#5027=CARTESIAN_POINT('Origin',(40.,85.,10.));
#5028=CARTESIAN_POINT('',(40.,121.,0.));
#5029=CARTESIAN_POINT('Origin',(3.99999999999999,85.,0.));
#5030=CARTESIAN_POINT('',(4.,15.,10.));
#5031=CARTESIAN_POINT('',(4.,15.,0.));
#5032=CARTESIAN_POINT('',(3.99999999999999,85.,10.));
#5033=CARTESIAN_POINT('Origin',(40.,15.,0.));
#5034=CARTESIAN_POINT('',(38.5820201454284,-20.9720632315138,10.));
#5035=CARTESIAN_POINT('',(38.5820201454284,-20.9720632315138,0.));
#5036=CARTESIAN_POINT('Origin',(40.,15.,10.));
#5037=CARTESIAN_POINT('Origin',(38.5820201454284,-20.9720632315138,0.));
#5038=CARTESIAN_POINT('',(33.4088223082951,-35.1853074754093,10.));
#5039=CARTESIAN_POINT('',(33.4088223082951,-35.1853074754093,0.));
#5040=CARTESIAN_POINT('',(38.5820201454284,-20.9720632315138,10.));
#5041=CARTESIAN_POINT('Origin',(39.0469780330105,-37.2374283353633,0.));
#5042=CARTESIAN_POINT('',(41.9821516843984,-42.4704729210895,10.));
#5043=CARTESIAN_POINT('',(41.9821516843984,-42.4704729210895,0.));
#5044=CARTESIAN_POINT('Origin',(39.0469780330105,-37.2374283353633,10.));
#5045=CARTESIAN_POINT('Origin',(41.9821516843984,-42.4704729210895,0.));
#5046=CARTESIAN_POINT('',(80.2612981395193,-21.,10.));
#5047=CARTESIAN_POINT('',(80.2612981395193,-21.,0.));
#5048=CARTESIAN_POINT('',(41.9821516843984,-42.4704729210895,10.));
#5049=CARTESIAN_POINT('Origin',(40.,120.,0.));
#5050=CARTESIAN_POINT('',(160.,120.,1.));
#5051=CARTESIAN_POINT('',(40.,120.,1.));
#5052=CARTESIAN_POINT('',(160.,120.,1.));
#5053=CARTESIAN_POINT('',(160.,120.,10.));
#5054=CARTESIAN_POINT('',(160.,120.,0.));
#5055=CARTESIAN_POINT('',(40.,120.,10.));
#5056=CARTESIAN_POINT('',(160.,120.,10.));
#5057=CARTESIAN_POINT('',(40.,120.,0.));
#5058=CARTESIAN_POINT('Origin',(160.,85.,0.));
#5059=CARTESIAN_POINT('',(195.,85.,1.));
#5060=CARTESIAN_POINT('Origin',(160.,85.,1.));
#5061=CARTESIAN_POINT('',(195.,85.,10.));
#5062=CARTESIAN_POINT('',(195.,85.,0.));
#5063=CARTESIAN_POINT('Origin',(160.,85.,10.));
#5064=CARTESIAN_POINT('Origin',(195.,85.,0.));
#5065=CARTESIAN_POINT('',(195.,15.0000000000001,1.));
#5066=CARTESIAN_POINT('',(195.,15.0000000000001,1.));
#5067=CARTESIAN_POINT('',(195.,15.0000000000001,10.));
#5068=CARTESIAN_POINT('',(195.,15.0000000000001,0.));
#5069=CARTESIAN_POINT('',(195.,15.0000000000001,10.));
#5070=CARTESIAN_POINT('Origin',(160.,15.,0.));
#5071=CARTESIAN_POINT('',(160.,-20.,1.));
#5072=CARTESIAN_POINT('Origin',(160.,15.,1.));
#5073=CARTESIAN_POINT('',(160.,-20.,10.));
#5074=CARTESIAN_POINT('',(160.,-20.,0.));
#5075=CARTESIAN_POINT('Origin',(160.,15.,10.));
#5076=CARTESIAN_POINT('Origin',(160.,-20.,0.));
#5077=CARTESIAN_POINT('',(80.,-20.,1.));
#5078=CARTESIAN_POINT('',(80.,-20.,1.));
#5079=CARTESIAN_POINT('',(80.,-20.,10.));
#5080=CARTESIAN_POINT('',(80.,-20.,0.));
#5081=CARTESIAN_POINT('',(80.,-20.,10.));
#5082=CARTESIAN_POINT('Origin',(40.,85.,0.));
#5083=CARTESIAN_POINT('',(4.99999999999999,85.,1.));
#5084=CARTESIAN_POINT('Origin',(40.,85.,1.));
#5085=CARTESIAN_POINT('',(5.,85.,10.));
#5086=CARTESIAN_POINT('Origin',(40.,85.,10.));
#5087=CARTESIAN_POINT('',(4.99999999999999,85.,0.));
#5088=CARTESIAN_POINT('Origin',(5.,15.,0.));
#5089=CARTESIAN_POINT('',(5.,15.,1.));
#5090=CARTESIAN_POINT('',(4.99999999999999,85.0000000000001,1.));
#5091=CARTESIAN_POINT('',(5.,15.,10.));
#5092=CARTESIAN_POINT('',(4.99999999999999,85.0000000000001,10.));
#5093=CARTESIAN_POINT('',(5.,15.,0.));
#5094=CARTESIAN_POINT('Origin',(40.,15.,0.));
#5095=CARTESIAN_POINT('',(40.,-20.,1.));
#5096=CARTESIAN_POINT('Origin',(40.,15.,1.));
#5097=CARTESIAN_POINT('',(40.,-20.,10.));
#5098=CARTESIAN_POINT('Origin',(40.,15.,10.));
#5099=CARTESIAN_POINT('',(40.,-20.,0.));
#5100=CARTESIAN_POINT('Origin',(34.348514929081,-35.5273276187349,0.));
#5101=CARTESIAN_POINT('',(34.348514929081,-35.5273276187349,1.));
#5102=CARTESIAN_POINT('',(40.,-20.,1.));
#5103=CARTESIAN_POINT('',(34.348514929081,-35.5273276187349,10.));
#5104=CARTESIAN_POINT('',(40.,-20.,10.));
#5105=CARTESIAN_POINT('',(34.348514929081,-35.5273276187349,0.));
#5106=CARTESIAN_POINT('Origin',(39.0469780330105,-37.2374283353633,0.));
#5107=CARTESIAN_POINT('',(41.4929560758337,-41.5982988234684,1.));
#5108=CARTESIAN_POINT('Origin',(39.0469780330105,-37.2374283353633,1.));
#5109=CARTESIAN_POINT('',(41.4929560758337,-41.5982988234684,10.));
#5110=CARTESIAN_POINT('Origin',(39.0469780330105,-37.2374283353633,10.));
#5111=CARTESIAN_POINT('',(41.4929560758337,-41.5982988234684,0.));
#5112=CARTESIAN_POINT('Origin',(80.,-20.,0.));
#5113=CARTESIAN_POINT('',(41.4929560758337,-41.5982988234684,1.));
#5114=CARTESIAN_POINT('',(41.4929560758337,-41.5982988234684,10.));
#5115=CARTESIAN_POINT('Origin',(160.,121.,0.));
#5116=CARTESIAN_POINT('',(160.,121.,10.));
#5117=CARTESIAN_POINT('',(160.,121.,10.));
#5118=CARTESIAN_POINT('',(160.,121.,0.));
#5119=CARTESIAN_POINT('Origin',(160.,85.,0.));
#5120=CARTESIAN_POINT('',(196.,85.,10.));
#5121=CARTESIAN_POINT('Origin',(160.,85.,10.));
#5122=CARTESIAN_POINT('',(196.,85.,0.));
#5123=CARTESIAN_POINT('Origin',(196.,15.0000000000001,0.));
#5124=CARTESIAN_POINT('',(196.,15.0000000000001,10.));
#5125=CARTESIAN_POINT('',(196.,15.0000000000001,10.));
#5126=CARTESIAN_POINT('',(196.,15.0000000000001,0.));
#5127=CARTESIAN_POINT('Origin',(160.,15.,0.));
#5128=CARTESIAN_POINT('',(160.,-21.,10.));
#5129=CARTESIAN_POINT('Origin',(160.,15.,10.));
#5130=CARTESIAN_POINT('',(160.,-21.,0.));
#5131=CARTESIAN_POINT('Origin',(80.2612981395193,-21.,0.));
#5132=CARTESIAN_POINT('',(80.2612981395193,-21.,10.));
#5133=CARTESIAN_POINT('Origin',(100.,38.8812858323184,10.));
#5134=CARTESIAN_POINT('Origin',(95.9499999999998,99.5914341444425,0.));
#5135=CARTESIAN_POINT('',(95.9499999999998,99.5914341444425,0.));
#5136=CARTESIAN_POINT('',(95.95,107.691434144443,0.));
#5137=CARTESIAN_POINT('',(95.95,107.691434144443,0.));
#5138=CARTESIAN_POINT('',(95.95,107.691434144443,1.));
#5139=CARTESIAN_POINT('',(95.95,107.691434144443,0.));
#5140=CARTESIAN_POINT('',(95.9499999999998,99.5914341444425,1.));
#5141=CARTESIAN_POINT('',(95.95,107.691434144443,1.));
#5142=CARTESIAN_POINT('',(95.9499999999998,99.5914341444425,0.));
#5143=CARTESIAN_POINT('Origin',(104.05,99.5914341444424,0.));
#5144=CARTESIAN_POINT('',(104.05,99.5914341444424,0.));
#5145=CARTESIAN_POINT('',(95.9499999999998,99.5914341444425,0.));
#5146=CARTESIAN_POINT('',(104.05,99.5914341444424,1.));
#5147=CARTESIAN_POINT('',(95.9499999999998,99.5914341444425,1.));
#5148=CARTESIAN_POINT('',(104.05,99.5914341444424,0.));
#5149=CARTESIAN_POINT('Origin',(104.05,107.691434144442,0.));
#5150=CARTESIAN_POINT('',(104.05,107.691434144442,0.));
#5151=CARTESIAN_POINT('',(104.05,107.691434144442,0.));
#5152=CARTESIAN_POINT('',(104.05,107.691434144442,1.));
#5153=CARTESIAN_POINT('',(104.05,107.691434144442,1.));
#5154=CARTESIAN_POINT('',(104.05,107.691434144442,0.));
#5155=CARTESIAN_POINT('Origin',(95.95,107.691434144443,0.));
#5156=CARTESIAN_POINT('',(100.,107.691434144442,0.));
#5157=CARTESIAN_POINT('',(100.,107.691434144442,1.));
#5158=CARTESIAN_POINT('Origin',(113.013504155293,75.,0.));
#5159=CARTESIAN_POINT('',(105.013504155293,75.,1.));
#5160=CARTESIAN_POINT('Origin',(113.013504155293,75.,1.));
#5161=CARTESIAN_POINT('',(105.013504155293,75.,0.));
#5162=CARTESIAN_POINT('',(105.013504155293,75.,0.));
#5163=CARTESIAN_POINT('Origin',(113.013504155293,75.,0.));
#5164=CARTESIAN_POINT('Origin',(47.,-8.00000000000001,0.));
#5165=CARTESIAN_POINT('',(47.,-8.00000000000001,0.));
#5166=CARTESIAN_POINT('',(47.,60.,0.));
#5167=CARTESIAN_POINT('',(47.,60.,0.));
#5168=CARTESIAN_POINT('',(47.,60.,1.));
#5169=CARTESIAN_POINT('',(47.,60.,0.));
#5170=CARTESIAN_POINT('',(47.,-8.00000000000001,1.));
#5171=CARTESIAN_POINT('',(47.,60.,1.));
#5172=CARTESIAN_POINT('',(47.,-8.00000000000001,0.));
#5173=CARTESIAN_POINT('Origin',(153.,-8.00000000000001,0.));
#5174=CARTESIAN_POINT('',(153.,-8.00000000000001,0.));
#5175=CARTESIAN_POINT('',(47.,-8.00000000000001,0.));
#5176=CARTESIAN_POINT('',(153.,-8.00000000000001,1.));
#5177=CARTESIAN_POINT('',(47.,-8.00000000000001,1.));
#5178=CARTESIAN_POINT('',(153.,-8.00000000000001,0.));
#5179=CARTESIAN_POINT('Origin',(153.,60.,0.));
#5180=CARTESIAN_POINT('',(153.,60.,0.));
#5181=CARTESIAN_POINT('',(153.,60.,0.));
#5182=CARTESIAN_POINT('',(153.,60.,1.));
#5183=CARTESIAN_POINT('',(153.,60.,1.));
#5184=CARTESIAN_POINT('',(153.,60.,0.));
#5185=CARTESIAN_POINT('Origin',(47.,60.,0.));
#5186=CARTESIAN_POINT('',(100.,60.,0.));
#5187=CARTESIAN_POINT('',(100.,60.,1.));
#5188=CARTESIAN_POINT('Origin',(87.,75.,0.));
#5189=CARTESIAN_POINT('',(79.,75.,1.));
#5190=CARTESIAN_POINT('Origin',(87.,75.,1.));
#5191=CARTESIAN_POINT('',(79.,75.,0.));
#5192=CARTESIAN_POINT('',(79.,75.,0.));
#5193=CARTESIAN_POINT('Origin',(87.,75.,0.));
#5194=CARTESIAN_POINT('Origin',(100.,38.8812858323183,1.));
#5195=CARTESIAN_POINT('Origin',(100.,38.8812858323183,0.));
#5196=CARTESIAN_POINT('Origin',(270.,10.,1.));
#5197=CARTESIAN_POINT('',(282.5,10.,5.));
#5198=CARTESIAN_POINT('Origin',(270.,10.,5.));
#5199=CARTESIAN_POINT('',(282.5,10.,1.));
#5200=CARTESIAN_POINT('',(282.5,10.,1.));
#5201=CARTESIAN_POINT('Origin',(270.,10.,1.));
#5202=CARTESIAN_POINT('Origin',(270.,10.,1.));
#5203=CARTESIAN_POINT('',(283.5,10.,5.));
#5204=CARTESIAN_POINT('Origin',(270.,10.,5.));
#5205=CARTESIAN_POINT('',(283.5,10.,1.));
#5206=CARTESIAN_POINT('',(283.5,10.,1.));
#5207=CARTESIAN_POINT('Origin',(270.,10.,1.));
#5208=CARTESIAN_POINT('Origin',(270.,10.,5.));
#5209=CARTESIAN_POINT('Origin',(340.,38.8812858323183,1.));
#5210=CARTESIAN_POINT('Origin',(265.039390092209,50.,1.));
#5211=CARTESIAN_POINT('',(277.539390092209,50.,5.));
#5212=CARTESIAN_POINT('Origin',(265.039390092209,50.,5.));
#5213=CARTESIAN_POINT('',(277.539390092209,50.,1.));
#5214=CARTESIAN_POINT('',(277.539390092209,50.,1.));
#5215=CARTESIAN_POINT('Origin',(265.039390092209,50.,1.));
#5216=CARTESIAN_POINT('Origin',(265.039390092209,50.,1.));
#5217=CARTESIAN_POINT('',(278.539390092209,50.,5.));
#5218=CARTESIAN_POINT('Origin',(265.039390092209,50.,5.));
#5219=CARTESIAN_POINT('',(278.539390092209,50.,1.));
#5220=CARTESIAN_POINT('',(278.539390092209,50.,1.));
#5221=CARTESIAN_POINT('Origin',(265.039390092209,50.,1.));
#5222=CARTESIAN_POINT('Origin',(265.039390092209,50.,5.));
#5223=CARTESIAN_POINT('Origin',(340.,38.8812858323183,1.));
#5224=CARTESIAN_POINT('Origin',(270.,90.,1.));
#5225=CARTESIAN_POINT('',(282.5,90.,5.));
#5226=CARTESIAN_POINT('Origin',(270.,90.,5.));
#5227=CARTESIAN_POINT('',(282.5,90.,1.));
#5228=CARTESIAN_POINT('',(282.5,90.,1.));
#5229=CARTESIAN_POINT('Origin',(270.,90.,1.));
#5230=CARTESIAN_POINT('Origin',(270.,90.,1.));
#5231=CARTESIAN_POINT('',(283.5,90.,5.));
#5232=CARTESIAN_POINT('Origin',(270.,90.,5.));
#5233=CARTESIAN_POINT('',(283.5,90.,1.));
#5234=CARTESIAN_POINT('',(283.5,90.,1.));
#5235=CARTESIAN_POINT('Origin',(270.,90.,1.));
#5236=CARTESIAN_POINT('Origin',(270.,90.,5.));
#5237=CARTESIAN_POINT('Origin',(340.,38.8812858323183,1.));
#5238=CARTESIAN_POINT('Origin',(410.,90.,1.));
#5239=CARTESIAN_POINT('',(422.5,90.,5.));
#5240=CARTESIAN_POINT('Origin',(410.,90.,5.));
#5241=CARTESIAN_POINT('',(422.5,90.,1.));
#5242=CARTESIAN_POINT('',(422.5,90.,1.));
#5243=CARTESIAN_POINT('Origin',(410.,90.,1.));
#5244=CARTESIAN_POINT('Origin',(410.,90.,1.));
#5245=CARTESIAN_POINT('',(423.5,90.,5.));
#5246=CARTESIAN_POINT('Origin',(410.,90.,5.));
#5247=CARTESIAN_POINT('',(423.5,90.,1.));
#5248=CARTESIAN_POINT('',(423.5,90.,1.));
#5249=CARTESIAN_POINT('Origin',(410.,90.,1.));
#5250=CARTESIAN_POINT('Origin',(410.,90.,5.));
#5251=CARTESIAN_POINT('Origin',(340.,38.8812858323183,1.));
#5252=CARTESIAN_POINT('Origin',(414.960609907791,50.,1.));
#5253=CARTESIAN_POINT('',(427.460609907791,50.,5.));
#5254=CARTESIAN_POINT('Origin',(414.960609907791,50.,5.));
#5255=CARTESIAN_POINT('',(427.460609907791,50.,1.));
#5256=CARTESIAN_POINT('',(427.460609907791,50.,1.));
#5257=CARTESIAN_POINT('Origin',(414.960609907791,50.,1.));
#5258=CARTESIAN_POINT('Origin',(414.960609907791,50.,1.));
#5259=CARTESIAN_POINT('',(428.460609907791,50.,5.));
#5260=CARTESIAN_POINT('Origin',(414.960609907791,50.,5.));
#5261=CARTESIAN_POINT('',(428.460609907791,50.,1.));
#5262=CARTESIAN_POINT('',(428.460609907791,50.,1.));
#5263=CARTESIAN_POINT('Origin',(414.960609907791,50.,1.));
#5264=CARTESIAN_POINT('Origin',(414.960609907791,50.,5.));
#5265=CARTESIAN_POINT('Origin',(340.,38.8812858323183,1.));
#5266=CARTESIAN_POINT('Origin',(410.,10.,1.));
#5267=CARTESIAN_POINT('',(422.5,10.,5.));
#5268=CARTESIAN_POINT('Origin',(410.,10.,5.));
#5269=CARTESIAN_POINT('',(422.5,10.,1.));
#5270=CARTESIAN_POINT('',(422.5,10.,1.));
#5271=CARTESIAN_POINT('Origin',(410.,10.,1.));
#5272=CARTESIAN_POINT('Origin',(410.,10.,1.));
#5273=CARTESIAN_POINT('',(423.5,10.,5.));
#5274=CARTESIAN_POINT('Origin',(410.,10.,5.));
#5275=CARTESIAN_POINT('',(423.5,10.,1.));
#5276=CARTESIAN_POINT('',(423.5,10.,1.));
#5277=CARTESIAN_POINT('Origin',(410.,10.,1.));
#5278=CARTESIAN_POINT('Origin',(410.,10.,5.));
#5279=CARTESIAN_POINT('Origin',(340.,38.8812858323183,1.));
#5280=CARTESIAN_POINT('Origin',(389.000005796552,56.000000834465,0.));
#5281=CARTESIAN_POINT('',(385.500005796552,56.000000834465,0.));
#5282=CARTESIAN_POINT('Origin',(389.000005796552,56.000000834465,0.));
#5283=CARTESIAN_POINT('',(385.500005796552,56.000000834465,15.));
#5284=CARTESIAN_POINT('',(385.500005796552,56.000000834465,0.));
#5285=CARTESIAN_POINT('Origin',(389.000005796552,56.000000834465,15.));
#5286=CARTESIAN_POINT('Origin',(398.017848315602,-42.4704729210895,13.));
#5287=CARTESIAN_POINT('',(398.017848315602,-42.4704729210895,21.));
#5288=CARTESIAN_POINT('',(359.738701860481,-21.,21.));
#5289=CARTESIAN_POINT('',(358.596195018632,-20.3591768761399,21.));
#5290=CARTESIAN_POINT('',(359.738701860481,-21.,23.));
#5291=CARTESIAN_POINT('',(359.738701860481,-21.,13.));
#5292=CARTESIAN_POINT('',(398.017848315602,-42.4704729210895,23.));
#5293=CARTESIAN_POINT('',(339.456621791072,-9.62394041559519,23.));
#5294=CARTESIAN_POINT('',(398.017848315602,-42.4704729210895,13.));
#5295=CARTESIAN_POINT('Origin',(400.95302196699,-37.2374283353633,13.));
#5296=CARTESIAN_POINT('',(406.591177691705,-35.1853074754092,21.));
#5297=CARTESIAN_POINT('Origin',(400.95302196699,-37.2374283353633,21.));
#5298=CARTESIAN_POINT('',(406.591177691705,-35.1853074754092,23.));
#5299=CARTESIAN_POINT('Origin',(400.95302196699,-37.2374283353633,23.));
#5300=CARTESIAN_POINT('',(406.591177691705,-35.1853074754092,13.));
#5301=CARTESIAN_POINT('Origin',(401.417979854572,-20.9720632315138,13.));
#5302=CARTESIAN_POINT('',(401.417979854572,-20.9720632315138,21.));
#5303=CARTESIAN_POINT('',(388.207462640607,15.3235345131705,21.));
#5304=CARTESIAN_POINT('',(401.417979854572,-20.9720632315138,23.));
#5305=CARTESIAN_POINT('',(390.794061559174,8.21691239122282,23.));
#5306=CARTESIAN_POINT('',(401.417979854572,-20.9720632315138,13.));
#5307=CARTESIAN_POINT('Origin',(400.,15.,13.));
#5308=CARTESIAN_POINT('',(436.,15.,21.));
#5309=CARTESIAN_POINT('Origin',(400.,15.,21.));
#5310=CARTESIAN_POINT('',(436.,15.,23.));
#5311=CARTESIAN_POINT('Origin',(400.,15.,23.));
#5312=CARTESIAN_POINT('',(436.,15.,13.));
#5313=CARTESIAN_POINT('Origin',(436.,85.0000000000001,13.));
#5314=CARTESIAN_POINT('',(436.,85.0000000000001,21.));
#5315=CARTESIAN_POINT('',(436.,61.9406429161592,21.));
#5316=CARTESIAN_POINT('',(436.,85.0000000000001,23.));
#5317=CARTESIAN_POINT('',(436.,26.9406429161592,23.));
#5318=CARTESIAN_POINT('',(436.,85.0000000000001,13.));
#5319=CARTESIAN_POINT('Origin',(400.,85.,13.));
#5320=CARTESIAN_POINT('',(400.,121.,21.));
#5321=CARTESIAN_POINT('Origin',(400.,85.,21.));
#5322=CARTESIAN_POINT('',(400.,121.,23.));
#5323=CARTESIAN_POINT('Origin',(400.,85.,23.));
#5324=CARTESIAN_POINT('',(400.,121.,13.));
#5325=CARTESIAN_POINT('Origin',(280.,121.,13.));
#5326=CARTESIAN_POINT('',(280.,121.,21.));
#5327=CARTESIAN_POINT('',(310.,121.,21.));
#5328=CARTESIAN_POINT('',(280.,121.,23.));
#5329=CARTESIAN_POINT('',(370.,121.,23.));
#5330=CARTESIAN_POINT('',(280.,121.,13.));
#5331=CARTESIAN_POINT('Origin',(280.,85.,13.));
#5332=CARTESIAN_POINT('',(244.,85.,21.));
#5333=CARTESIAN_POINT('Origin',(280.,85.,21.));
#5334=CARTESIAN_POINT('',(244.,85.,23.));
#5335=CARTESIAN_POINT('Origin',(280.,85.,23.));
#5336=CARTESIAN_POINT('',(244.,85.,13.));
#5337=CARTESIAN_POINT('Origin',(244.,15.0000000000001,13.));
#5338=CARTESIAN_POINT('',(244.,15.0000000000001,21.));
#5339=CARTESIAN_POINT('',(244.,26.9406429161592,21.));
#5340=CARTESIAN_POINT('',(244.,15.0000000000001,23.));
#5341=CARTESIAN_POINT('',(244.,61.9406429161592,23.));
#5342=CARTESIAN_POINT('',(244.,15.0000000000001,13.));
#5343=CARTESIAN_POINT('Origin',(280.,15.,13.));
#5344=CARTESIAN_POINT('',(280.,-21.,21.));
#5345=CARTESIAN_POINT('Origin',(280.,15.,21.));
#5346=CARTESIAN_POINT('',(280.,-21.,23.));
#5347=CARTESIAN_POINT('Origin',(280.,15.,23.));
#5348=CARTESIAN_POINT('',(280.,-21.,13.));
#5349=CARTESIAN_POINT('Origin',(291.000004336238,-4.00000005960464,17.));
#5350=CARTESIAN_POINT('',(296.000004336238,-4.00000005960464,17.));
#5351=CARTESIAN_POINT('Origin',(291.000004336238,-4.00000005960464,17.));
#5352=CARTESIAN_POINT('Origin',(388.999995663762,-4.00000005960464,17.));
#5353=CARTESIAN_POINT('',(393.999995663762,-4.00000005960464,17.));
#5354=CARTESIAN_POINT('Origin',(388.999995663762,-4.00000005960464,17.));
#5355=CARTESIAN_POINT('Origin',(372.999995425344,108.000001609325,21.));
#5356=CARTESIAN_POINT('',(370.499995425344,108.000001609325,21.));
#5357=CARTESIAN_POINT('Origin',(372.999995425344,108.000001609325,21.));
#5358=CARTESIAN_POINT('Origin',(372.999995425344,81.9999983906746,21.));
#5359=CARTESIAN_POINT('',(370.499995425344,81.9999983906746,21.));
#5360=CARTESIAN_POINT('Origin',(372.999995425344,81.9999983906746,21.));
#5361=CARTESIAN_POINT('Origin',(307.000004574656,81.9999983906746,21.));
#5362=CARTESIAN_POINT('',(304.500004574656,81.9999983906746,21.));
#5363=CARTESIAN_POINT('Origin',(307.000004574656,81.9999983906746,21.));
#5364=CARTESIAN_POINT('Origin',(307.000004574656,108.000001609325,21.));
#5365=CARTESIAN_POINT('',(304.500004574656,108.000001609325,21.));
#5366=CARTESIAN_POINT('Origin',(307.000004574656,108.000001609325,21.));
#5367=CARTESIAN_POINT('Origin',(291.000004336238,56.000000834465,17.));
#5368=CARTESIAN_POINT('',(296.000004410744,56.000000834465,17.));
#5369=CARTESIAN_POINT('Origin',(291.000004336238,56.000000834465,17.));
#5370=CARTESIAN_POINT('Origin',(388.999995663762,56.000000834465,17.));
#5371=CARTESIAN_POINT('',(393.999995738268,56.000000834465,17.));
#5372=CARTESIAN_POINT('Origin',(388.999995663762,56.000000834465,17.));
#5373=CARTESIAN_POINT('Origin',(338.902911534993,28.7500008261484,16.));
#5374=CARTESIAN_POINT('',(319.902911534992,-2.49999917385187,16.));
#5375=CARTESIAN_POINT('',(319.902911534992,61.0000008261481,16.));
#5376=CARTESIAN_POINT('',(319.902911534992,60.0000008261481,16.));
#5377=CARTESIAN_POINT('',(318.902911534992,61.0000008261481,16.));
#5378=CARTESIAN_POINT('',(339.872743731521,61.0000008261481,16.));
#5379=CARTESIAN_POINT('',(318.902911534992,-3.4999991738519,16.));
#5380=CARTESIAN_POINT('',(318.902911534992,61.0000008261481,16.));
#5381=CARTESIAN_POINT('',(358.902911534994,-3.4999991738513,16.));
#5382=CARTESIAN_POINT('',(318.902911534992,-3.4999991738519,16.));
#5383=CARTESIAN_POINT('',(358.902911534992,61.0000008261487,16.));
#5384=CARTESIAN_POINT('',(358.902911534992,61.0000008261487,16.));
#5385=CARTESIAN_POINT('',(330.000004917383,61.0000009089708,16.));
#5386=CARTESIAN_POINT('',(339.872743731521,61.0000008261481,16.));
#5387=CARTESIAN_POINT('',(330.000004917383,60.0000008261483,16.));
#5388=CARTESIAN_POINT('',(330.000004917383,44.8750008675596,16.));
#5389=CARTESIAN_POINT('',(357.902911534992,60.0000008261487,16.));
#5390=CARTESIAN_POINT('',(338.902911534992,60.0000008261481,16.));
#5391=CARTESIAN_POINT('',(357.902911534994,-2.49999917385132,16.));
#5392=CARTESIAN_POINT('',(357.902911534992,60.0000008261487,16.));
#5393=CARTESIAN_POINT('',(319.902911534992,-2.49999917385187,16.));
#5394=CARTESIAN_POINT('Origin',(340.,38.8812858323184,21.));
#5395=CARTESIAN_POINT('',(310.00000461936,-21.,21.));
#5396=CARTESIAN_POINT('',(325.00000230968,-21.,21.));
#5397=CARTESIAN_POINT('',(328.50000461936,-21.,21.));
#5398=CARTESIAN_POINT('',(310.,-21.,21.));
#5399=CARTESIAN_POINT('',(349.86935093024,-21.,21.));
#5400=CARTESIAN_POINT('',(435.,85.0000000000001,21.));
#5401=CARTESIAN_POINT('',(435.,15.,21.));
#5402=CARTESIAN_POINT('',(435.,85.0000000000001,21.));
#5403=CARTESIAN_POINT('',(400.,-20.,21.));
#5404=CARTESIAN_POINT('Origin',(400.,15.,21.));
#5405=CARTESIAN_POINT('',(405.651485070919,-35.5273276187349,21.));
#5406=CARTESIAN_POINT('',(400.,-20.,21.));
#5407=CARTESIAN_POINT('',(398.507043924166,-41.5982988234684,21.));
#5408=CARTESIAN_POINT('Origin',(400.95302196699,-37.2374283353633,21.));
#5409=CARTESIAN_POINT('',(360.,-20.,21.));
#5410=CARTESIAN_POINT('',(398.507043924166,-41.5982988234684,21.));
#5411=CARTESIAN_POINT('',(280.,-20.,21.));
#5412=CARTESIAN_POINT('',(310.,-20.,21.));
#5413=CARTESIAN_POINT('',(245.,15.0000000000001,21.));
#5414=CARTESIAN_POINT('Origin',(280.,15.,21.));
#5415=CARTESIAN_POINT('',(245.,85.,21.));
#5416=CARTESIAN_POINT('',(245.,15.0000000000001,21.));
#5417=CARTESIAN_POINT('',(280.,120.,21.));
#5418=CARTESIAN_POINT('Origin',(280.,85.,21.));
#5419=CARTESIAN_POINT('',(400.,120.,21.));
#5420=CARTESIAN_POINT('',(280.,120.,21.));
#5421=CARTESIAN_POINT('Origin',(400.,85.,21.));
#5422=CARTESIAN_POINT('Origin',(290.999993495643,-3.99999991059303,15.));
#5423=CARTESIAN_POINT('',(287.499993495643,-3.99999991059303,15.));
#5424=CARTESIAN_POINT('Origin',(290.999993495643,-3.99999991059303,15.));
#5425=CARTESIAN_POINT('Origin',(359.738701860481,-21.,13.));
#5426=CARTESIAN_POINT('',(328.50000461936,-21.,23.));
#5427=CARTESIAN_POINT('',(328.50000461936,-21.,13.));
#5428=CARTESIAN_POINT('',(310.,-21.,23.));
#5429=CARTESIAN_POINT('Origin',(340.,38.8812858323184,23.));
#5430=CARTESIAN_POINT('',(310.00000461936,-22.,23.0000001937151));
#5431=CARTESIAN_POINT('',(310.00000461936,-21.,23.0000001937151));
#5432=CARTESIAN_POINT('',(310.00000461936,7.94064291615918,23.));
#5433=CARTESIAN_POINT('',(310.,-21.,23.));
#5434=CARTESIAN_POINT('',(328.50000461936,-22.,23.0000001937151));
#5435=CARTESIAN_POINT('',(328.50000461936,7.94064291615918,23.));
#5436=CARTESIAN_POINT('',(359.477403720961,-22.,23.));
#5437=CARTESIAN_POINT('',(310.,-22.,23.));
#5438=CARTESIAN_POINT('',(397.528652707037,-43.3426470187106,23.));
#5439=CARTESIAN_POINT('',(397.528652707037,-43.3426470187106,23.));
#5440=CARTESIAN_POINT('',(407.530870312491,-34.8432873320836,23.));
#5441=CARTESIAN_POINT('Origin',(400.95302196699,-37.2374283353633,23.));
#5442=CARTESIAN_POINT('',(402.817202816037,-21.8925923227593,23.));
#5443=CARTESIAN_POINT('',(402.817202816037,-21.8925923227593,23.));
#5444=CARTESIAN_POINT('',(437.,15.,23.));
#5445=CARTESIAN_POINT('Origin',(400.,15.,23.));
#5446=CARTESIAN_POINT('',(437.,85.0000000000001,23.));
#5447=CARTESIAN_POINT('',(437.,85.0000000000001,23.));
#5448=CARTESIAN_POINT('',(400.,122.,23.));
#5449=CARTESIAN_POINT('Origin',(400.,85.,23.));
#5450=CARTESIAN_POINT('',(280.,122.,23.));
#5451=CARTESIAN_POINT('',(280.,122.,23.));
#5452=CARTESIAN_POINT('',(243.,85.,23.));
#5453=CARTESIAN_POINT('Origin',(280.,85.,23.));
#5454=CARTESIAN_POINT('',(243.,15.0000000000001,23.));
#5455=CARTESIAN_POINT('',(243.,15.0000000000001,23.));
#5456=CARTESIAN_POINT('',(280.,-22.,23.));
#5457=CARTESIAN_POINT('Origin',(280.,15.,23.));
#5458=CARTESIAN_POINT('',(310.,-22.,23.));
#5459=CARTESIAN_POINT('Origin',(310.00000461936,-21.,13.));
#5460=CARTESIAN_POINT('',(310.00000461936,-21.,13.0000001937151));
#5461=CARTESIAN_POINT('Origin',(280.,-21.,0.));
#5462=CARTESIAN_POINT('',(328.50000461936,-21.,13.));
#5463=CARTESIAN_POINT('',(328.50000461936,-21.,13.));
#5464=CARTESIAN_POINT('',(310.00000461936,-21.,13.0000001937151));
#5465=CARTESIAN_POINT('',(310.00000461936,-21.,6.5));
#5466=CARTESIAN_POINT('',(310.,-21.,13.));
#5467=CARTESIAN_POINT('Origin',(310.00000461936,-23.,13.0000001937151));
#5468=CARTESIAN_POINT('',(328.50000461936,-20.,13.0000001937151));
#5469=CARTESIAN_POINT('',(310.00000461936,-20.,13.0000001937151));
#5470=CARTESIAN_POINT('',(335.00000230968,-20.,13.0000001937151));
#5471=CARTESIAN_POINT('',(328.50000461936,-23.,13.0000001937151));
#5472=CARTESIAN_POINT('',(310.00000461936,-23.,13.0000001937151));
#5473=CARTESIAN_POINT('Origin',(291.000004336238,-4.00000005960464,1.));
#5474=CARTESIAN_POINT('',(296.000004336238,-4.00000005960464,1.));
#5475=CARTESIAN_POINT('',(296.000004336238,-4.00000005960464,1.));
#5476=CARTESIAN_POINT('Origin',(291.000004336238,-4.00000005960464,1.));
#5477=CARTESIAN_POINT('Origin',(388.999995663762,-4.00000005960464,1.));
#5478=CARTESIAN_POINT('',(393.999995663762,-4.00000005960464,1.));
#5479=CARTESIAN_POINT('',(393.999995663762,-4.00000005960464,1.));
#5480=CARTESIAN_POINT('Origin',(388.999995663762,-4.00000005960464,1.));
#5481=CARTESIAN_POINT('Origin',(372.999995425344,108.000001609325,0.));
#5482=CARTESIAN_POINT('',(370.499995425344,108.000001609325,1.));
#5483=CARTESIAN_POINT('',(370.499995425344,108.000001609325,0.));
#5484=CARTESIAN_POINT('Origin',(372.999995425344,108.000001609325,1.));
#5485=CARTESIAN_POINT('Origin',(372.999995425344,81.9999983906746,0.));
#5486=CARTESIAN_POINT('',(370.499995425344,81.9999983906746,1.));
#5487=CARTESIAN_POINT('',(370.499995425344,81.9999983906746,0.));
#5488=CARTESIAN_POINT('Origin',(372.999995425344,81.9999983906746,1.));
#5489=CARTESIAN_POINT('Origin',(307.000004574656,81.9999983906746,0.));
#5490=CARTESIAN_POINT('',(304.500004574656,81.9999983906746,1.));
#5491=CARTESIAN_POINT('',(304.500004574656,81.9999983906746,0.));
#5492=CARTESIAN_POINT('Origin',(307.000004574656,81.9999983906746,1.));
#5493=CARTESIAN_POINT('Origin',(307.000004574656,108.000001609325,0.));
#5494=CARTESIAN_POINT('',(304.500004574656,108.000001609325,1.));
#5495=CARTESIAN_POINT('',(304.500004574656,108.000001609325,0.));
#5496=CARTESIAN_POINT('Origin',(307.000004574656,108.000001609325,1.));
#5497=CARTESIAN_POINT('Origin',(280.,15.,0.));
#5498=CARTESIAN_POINT('',(245.,15.0000000000001,1.));
#5499=CARTESIAN_POINT('',(280.,-20.,1.));
#5500=CARTESIAN_POINT('Origin',(280.,15.,1.));
#5501=CARTESIAN_POINT('',(245.,15.0000000000001,0.));
#5502=CARTESIAN_POINT('',(280.,-20.,0.));
#5503=CARTESIAN_POINT('Origin',(245.,15.0000000000001,0.));
#5504=CARTESIAN_POINT('',(245.,85.,1.));
#5505=CARTESIAN_POINT('',(245.,15.0000000000001,1.));
#5506=CARTESIAN_POINT('',(245.,85.,0.));
#5507=CARTESIAN_POINT('Origin',(280.,85.,0.));
#5508=CARTESIAN_POINT('',(280.,120.,1.));
#5509=CARTESIAN_POINT('Origin',(280.,85.,1.));
#5510=CARTESIAN_POINT('',(280.,120.,0.));
#5511=CARTESIAN_POINT('Origin',(400.,85.,0.));
#5512=CARTESIAN_POINT('',(435.,85.0000000000001,1.));
#5513=CARTESIAN_POINT('',(400.,120.,1.));
#5514=CARTESIAN_POINT('Origin',(400.,85.,1.));
#5515=CARTESIAN_POINT('',(435.,85.0000000000001,0.));
#5516=CARTESIAN_POINT('',(400.,120.,0.));
#5517=CARTESIAN_POINT('Origin',(435.,85.0000000000001,0.));
#5518=CARTESIAN_POINT('',(435.,15.,1.));
#5519=CARTESIAN_POINT('',(435.,85.0000000000001,1.));
#5520=CARTESIAN_POINT('',(435.,15.,0.));
#5521=CARTESIAN_POINT('Origin',(400.,15.,0.));
#5522=CARTESIAN_POINT('',(400.,-20.,1.));
#5523=CARTESIAN_POINT('Origin',(400.,15.,1.));
#5524=CARTESIAN_POINT('',(400.,-20.,0.));
#5525=CARTESIAN_POINT('Origin',(400.,-20.,0.));
#5526=CARTESIAN_POINT('',(405.651485070919,-35.5273276187349,1.));
#5527=CARTESIAN_POINT('',(400.,-20.,1.));
#5528=CARTESIAN_POINT('',(405.651485070919,-35.5273276187349,0.));
#5529=CARTESIAN_POINT('Origin',(400.95302196699,-37.2374283353633,0.));
#5530=CARTESIAN_POINT('',(398.507043924166,-41.5982988234684,1.));
#5531=CARTESIAN_POINT('Origin',(400.95302196699,-37.2374283353633,1.));
#5532=CARTESIAN_POINT('',(398.507043924166,-41.5982988234684,0.));
#5533=CARTESIAN_POINT('Origin',(398.507043924166,-41.5982988234684,0.));
#5534=CARTESIAN_POINT('',(360.,-20.,1.));
#5535=CARTESIAN_POINT('',(398.507043924166,-41.5982988234684,1.));
#5536=CARTESIAN_POINT('',(360.,-20.,0.));
#5537=CARTESIAN_POINT('Origin',(360.,-20.,0.));
#5538=CARTESIAN_POINT('',(328.50000461936,-20.,1.00000001490116));
#5539=CARTESIAN_POINT('',(328.50000461936,-20.,6.50000009685755));
#5540=CARTESIAN_POINT('',(310.00000461936,-20.,1.00000001490116));
#5541=CARTESIAN_POINT('',(310.00000461936,-20.,0.500000007450581));
#5542=CARTESIAN_POINT('',(310.,-20.,1.));
#5543=CARTESIAN_POINT('',(310.,-20.,1.));
#5544=CARTESIAN_POINT('Origin',(291.000004336238,56.000000834465,1.));
#5545=CARTESIAN_POINT('',(296.000004410744,56.000000834465,1.));
#5546=CARTESIAN_POINT('',(296.000004410744,56.000000834465,1.));
#5547=CARTESIAN_POINT('Origin',(291.000004336238,56.000000834465,1.));
#5548=CARTESIAN_POINT('Origin',(388.999995663762,56.000000834465,1.));
#5549=CARTESIAN_POINT('',(393.999995738268,56.000000834465,1.));
#5550=CARTESIAN_POINT('',(393.999995738268,56.000000834465,1.));
#5551=CARTESIAN_POINT('Origin',(388.999995663762,56.000000834465,1.));
#5552=CARTESIAN_POINT('Origin',(358.902911534992,61.0000008261481,1.));
#5553=CARTESIAN_POINT('',(319.902911534992,61.0000008261481,1.));
#5554=CARTESIAN_POINT('',(319.902911534992,61.0000008261481,8.5));
#5555=CARTESIAN_POINT('',(318.902911534992,61.0000008261481,1.));
#5556=CARTESIAN_POINT('',(349.451455767496,61.0000008261481,1.));
#5557=CARTESIAN_POINT('',(318.902911534992,61.0000008261481,1.));
#5558=CARTESIAN_POINT('Origin',(318.902911534992,61.0000008261481,1.));
#5559=CARTESIAN_POINT('',(318.902911534992,-3.4999991738519,1.));
#5560=CARTESIAN_POINT('',(318.902911534992,49.9406433292332,1.));
#5561=CARTESIAN_POINT('',(318.902911534992,-3.4999991738519,1.));
#5562=CARTESIAN_POINT('Origin',(318.902911534992,-3.4999991738519,1.));
#5563=CARTESIAN_POINT('',(358.902911534994,-3.4999991738513,1.));
#5564=CARTESIAN_POINT('',(329.451455767496,-3.49999917385174,1.));
#5565=CARTESIAN_POINT('',(358.902911534994,-3.4999991738513,1.));
#5566=CARTESIAN_POINT('Origin',(358.902911534994,-3.4999991738513,1.));
#5567=CARTESIAN_POINT('',(358.902911534992,61.0000008261487,1.));
#5568=CARTESIAN_POINT('',(358.902911534993,17.6906433292338,1.));
#5569=CARTESIAN_POINT('',(358.902911534992,61.0000008261487,1.));
#5570=CARTESIAN_POINT('Origin',(358.902911534992,61.0000008261481,1.));
#5571=CARTESIAN_POINT('',(330.000004917383,61.0000009089708,1.));
#5572=CARTESIAN_POINT('',(330.000004917383,61.0000008261481,8.5));
#5573=CARTESIAN_POINT('',(349.451455767496,61.0000008261481,1.));
#5574=CARTESIAN_POINT('Origin',(330.000004917383,61.0000009089708,16.));
#5575=CARTESIAN_POINT('',(330.000004917383,60.0000008261483,1.));
#5576=CARTESIAN_POINT('',(330.000004917383,61.0000009089708,1.));
#5577=CARTESIAN_POINT('',(330.000004917383,60.0000008261481,8.5));
#5578=CARTESIAN_POINT('Origin',(319.902911534992,60.0000008261481,1.));
#5579=CARTESIAN_POINT('',(357.902911534992,60.0000008261487,1.));
#5580=CARTESIAN_POINT('',(329.951455767496,60.0000008261481,1.));
#5581=CARTESIAN_POINT('',(357.902911534992,60.0000008261487,1.));
#5582=CARTESIAN_POINT('Origin',(357.902911534992,60.0000008261487,1.));
#5583=CARTESIAN_POINT('',(357.902911534994,-2.49999917385132,1.));
#5584=CARTESIAN_POINT('',(357.902911534992,49.4406433292338,1.));
#5585=CARTESIAN_POINT('',(357.902911534994,-2.49999917385132,1.));
#5586=CARTESIAN_POINT('Origin',(357.902911534994,-2.49999917385132,1.));
#5587=CARTESIAN_POINT('',(319.902911534992,-2.49999917385187,1.));
#5588=CARTESIAN_POINT('',(348.951455767497,-2.49999917385145,1.));
#5589=CARTESIAN_POINT('',(319.902911534992,-2.49999917385187,1.));
#5590=CARTESIAN_POINT('Origin',(319.902911534992,-2.49999917385187,1.));
#5591=CARTESIAN_POINT('',(319.902911534992,18.1906433292332,1.));
#5592=CARTESIAN_POINT('Origin',(280.,120.,0.));
#5593=CARTESIAN_POINT('',(280.,120.,1.));
#5594=CARTESIAN_POINT('',(345.,120.,19.0000002831221));
#5595=CARTESIAN_POINT('',(345.000005140901,120.,14.0000002086163));
#5596=CARTESIAN_POINT('',(345.000012338127,120.,7.00003352017165));
#5597=CARTESIAN_POINT('',(335.000004991889,120.,14.0000002086163));
#5598=CARTESIAN_POINT('',(307.500002495945,120.,14.0000002086163));
#5599=CARTESIAN_POINT('',(335.000004991889,120.,19.0000002831221));
#5600=CARTESIAN_POINT('',(335.000004991889,120.,9.50000014156103));
#5601=CARTESIAN_POINT('',(312.5,120.,19.0000002831221));
#5602=CARTESIAN_POINT('Origin',(243.,85.,17.));
#5603=CARTESIAN_POINT('',(243.,15.0000000000001,21.));
#5604=CARTESIAN_POINT('',(243.,85.,21.));
#5605=CARTESIAN_POINT('',(243.,15.0000000000001,21.));
#5606=CARTESIAN_POINT('',(243.,15.0000000000001,17.));
#5607=CARTESIAN_POINT('',(243.,85.,17.));
#5608=CARTESIAN_POINT('Origin',(280.,15.,17.));
#5609=CARTESIAN_POINT('',(280.,-22.,21.));
#5610=CARTESIAN_POINT('Origin',(280.,15.,21.));
#5611=CARTESIAN_POINT('',(280.,-22.,17.));
#5612=CARTESIAN_POINT('Origin',(280.,-22.,17.));
#5613=CARTESIAN_POINT('',(310.00000461936,-22.,21.));
#5614=CARTESIAN_POINT('',(310.,-22.,21.));
#5615=CARTESIAN_POINT('',(310.00000461936,-22.,17.0000001937151));
#5616=CARTESIAN_POINT('Origin',(359.477403720961,-22.,0.));
#5617=CARTESIAN_POINT('',(310.00000461936,-22.,13.0000001937151));
#5618=CARTESIAN_POINT('',(310.00000461936,-22.,13.0000001937151));
#5619=CARTESIAN_POINT('',(328.50000461936,-22.,21.));
#5620=CARTESIAN_POINT('',(310.,-22.,21.));
#5621=CARTESIAN_POINT('',(328.50000461936,-22.,13.0000001937151));
#5622=CARTESIAN_POINT('',(328.50000461936,-22.,6.5));
#5623=CARTESIAN_POINT('',(310.,-22.,13.));
#5624=CARTESIAN_POINT('Origin',(328.50000461936,-22.,17.));
#5625=CARTESIAN_POINT('',(359.477403720961,-22.,21.));
#5626=CARTESIAN_POINT('',(310.,-22.,21.));
#5627=CARTESIAN_POINT('',(359.477403720961,-22.,17.));
#5628=CARTESIAN_POINT('',(328.50000461936,-22.,17.0000001937151));
#5629=CARTESIAN_POINT('Origin',(359.477403720961,-22.,17.));
#5630=CARTESIAN_POINT('',(397.528652707037,-43.3426470187106,21.));
#5631=CARTESIAN_POINT('',(397.528652707037,-43.3426470187106,21.));
#5632=CARTESIAN_POINT('',(397.528652707037,-43.3426470187106,17.));
#5633=CARTESIAN_POINT('Origin',(400.95302196699,-37.2374283353633,17.));
#5634=CARTESIAN_POINT('',(407.530870312491,-34.8432873320836,21.));
#5635=CARTESIAN_POINT('Origin',(400.95302196699,-37.2374283353633,21.));
#5636=CARTESIAN_POINT('',(407.530870312491,-34.8432873320836,17.));
#5637=CARTESIAN_POINT('Origin',(407.530870312491,-34.8432873320836,17.));
#5638=CARTESIAN_POINT('',(402.817202816037,-21.8925923227593,21.));
#5639=CARTESIAN_POINT('',(402.817202816037,-21.8925923227593,21.));
#5640=CARTESIAN_POINT('',(402.817202816037,-21.8925923227593,17.));
#5641=CARTESIAN_POINT('Origin',(400.,15.,17.));
#5642=CARTESIAN_POINT('',(437.,15.,21.));
#5643=CARTESIAN_POINT('Origin',(400.,15.,21.));
#5644=CARTESIAN_POINT('',(437.,15.,17.));
#5645=CARTESIAN_POINT('Origin',(437.,15.,17.));
#5646=CARTESIAN_POINT('',(437.,85.0000000000001,21.));
#5647=CARTESIAN_POINT('',(437.,85.0000000000001,21.));
#5648=CARTESIAN_POINT('',(437.,85.0000000000001,17.));
#5649=CARTESIAN_POINT('Origin',(400.,85.,17.));
#5650=CARTESIAN_POINT('',(400.,122.,21.));
#5651=CARTESIAN_POINT('Origin',(400.,85.,21.));
#5652=CARTESIAN_POINT('',(400.,122.,17.));
#5653=CARTESIAN_POINT('Origin',(400.,122.,17.));
#5654=CARTESIAN_POINT('',(280.,122.,21.));
#5655=CARTESIAN_POINT('',(280.,122.,21.));
#5656=CARTESIAN_POINT('',(280.,122.,17.));
#5657=CARTESIAN_POINT('Origin',(280.,85.,17.));
#5658=CARTESIAN_POINT('Origin',(280.,85.,21.));
#5659=CARTESIAN_POINT('Origin',(290.999993495643,-3.99999991059303,0.));
#5660=CARTESIAN_POINT('',(287.499993495643,-3.99999991059303,1.));
#5661=CARTESIAN_POINT('Origin',(290.999993495643,-3.99999991059303,1.));
#5662=CARTESIAN_POINT('',(287.499993495643,-3.99999991059303,0.));
#5663=CARTESIAN_POINT('Origin',(328.50000461936,-23.,13.0000001937151));
#5664=CARTESIAN_POINT('',(328.50000461936,-23.,1.00000001490116));
#5665=CARTESIAN_POINT('',(328.50000461936,-23.,1.00000001490116));
#5666=CARTESIAN_POINT('',(328.50000461936,-23.,13.0000001937151));
#5667=CARTESIAN_POINT('',(328.50000461936,-23.,6.50000009685755));
#5668=CARTESIAN_POINT('',(328.50000461936,-23.,13.0000001937151));
#5669=CARTESIAN_POINT('Origin',(310.00000461936,-23.,13.0000001937151));
#5670=CARTESIAN_POINT('',(310.00000461936,-23.,13.0000001937151));
#5671=CARTESIAN_POINT('',(295.00000230968,-23.,13.0000001937151));
#5672=CARTESIAN_POINT('',(310.00000461936,-23.,13.0000001937151));
#5673=CARTESIAN_POINT('Origin',(310.00000461936,-23.,1.00000001490116));
#5674=CARTESIAN_POINT('',(310.00000461936,-23.,1.00000001490116));
#5675=CARTESIAN_POINT('',(310.00000461936,-23.,0.500000007450581));
#5676=CARTESIAN_POINT('',(310.00000461936,-23.,1.00000001490116));
#5677=CARTESIAN_POINT('Origin',(340.,38.8812858323183,1.));
#5678=CARTESIAN_POINT('',(304.25000230968,-23.,1.00000001490116));
#5679=CARTESIAN_POINT('Origin',(335.000004991889,123.,14.0000002086163));
#5680=CARTESIAN_POINT('',(345.000005140901,123.,14.0000002086163));
#5681=CARTESIAN_POINT('',(345.000005140901,123.,14.0000002086163));
#5682=CARTESIAN_POINT('',(335.000004991889,123.,14.0000002086163));
#5683=CARTESIAN_POINT('',(367.500002495944,123.,14.0000002086163));
#5684=CARTESIAN_POINT('',(335.000004991889,123.,14.0000002086163));
#5685=CARTESIAN_POINT('Origin',(335.000004991889,123.,19.0000002831221));
#5686=CARTESIAN_POINT('',(335.000004991889,123.,19.0000002831221));
#5687=CARTESIAN_POINT('',(335.000004991889,123.,9.50000014156103));
#5688=CARTESIAN_POINT('',(335.000004991889,123.,19.0000002831221));
#5689=CARTESIAN_POINT('Origin',(345.,123.,19.0000002831221));
#5690=CARTESIAN_POINT('',(345.,123.,19.0000002831221));
#5691=CARTESIAN_POINT('',(372.5,123.,19.0000002831221));
#5692=CARTESIAN_POINT('',(345.,123.,19.0000002831221));
#5693=CARTESIAN_POINT('Origin',(345.000005140901,123.,14.0000002086163));
#5694=CARTESIAN_POINT('',(345.000012338191,123.,6.99997182936523));
#5695=CARTESIAN_POINT('Origin',(340.,38.8812858323184,21.));
#5696=CARTESIAN_POINT('',(280.,123.,21.));
#5697=CARTESIAN_POINT('',(242.,85.,21.));
#5698=CARTESIAN_POINT('Origin',(280.,85.,21.));
#5699=CARTESIAN_POINT('',(242.,15.0000000000001,21.));
#5700=CARTESIAN_POINT('',(242.,15.0000000000001,21.));
#5701=CARTESIAN_POINT('',(280.,-23.,21.));
#5702=CARTESIAN_POINT('Origin',(280.,15.,21.));
#5703=CARTESIAN_POINT('',(359.216105581442,-23.,21.));
#5704=CARTESIAN_POINT('',(310.,-23.,21.));
#5705=CARTESIAN_POINT('',(397.039457098472,-44.2148211163316,21.));
#5706=CARTESIAN_POINT('',(397.039457098472,-44.2148211163316,21.));
#5707=CARTESIAN_POINT('',(408.470562933277,-34.5012671887579,21.));
#5708=CARTESIAN_POINT('Origin',(400.95302196699,-37.2374283353633,21.));
#5709=CARTESIAN_POINT('',(404.199716498388,-22.7672130469429,21.));
#5710=CARTESIAN_POINT('',(404.199716498388,-22.7672130469428,21.));
#5711=CARTESIAN_POINT('',(438.,15.,21.));
#5712=CARTESIAN_POINT('Origin',(400.,15.,21.));
#5713=CARTESIAN_POINT('',(438.,85.0000000000001,21.));
#5714=CARTESIAN_POINT('',(438.,85.0000000000001,21.));
#5715=CARTESIAN_POINT('',(400.,123.,21.));
#5716=CARTESIAN_POINT('Origin',(400.,85.,21.));
#5717=CARTESIAN_POINT('',(280.,123.,21.));
#5718=CARTESIAN_POINT('Origin',(291.000004336238,-4.00000005960464,1.));
#5719=CARTESIAN_POINT('',(286.499993495643,-3.99999991059303,1.));
#5720=CARTESIAN_POINT('Origin',(290.999993495643,-3.99999991059303,1.));
#5721=CARTESIAN_POINT('Origin',(389.000005796552,-4.00000005960464,15.));
#5722=CARTESIAN_POINT('',(385.500005796552,-4.00000005960464,15.));
#5723=CARTESIAN_POINT('Origin',(389.000005796552,-4.00000005960464,15.));
#5724=CARTESIAN_POINT('Origin',(291.000004336238,56.000000834465,15.));
#5725=CARTESIAN_POINT('',(287.500004336238,56.000000834465,15.));
#5726=CARTESIAN_POINT('Origin',(291.000004336238,56.000000834465,15.));
#5727=CARTESIAN_POINT('Origin',(242.,85.,0.));
#5728=CARTESIAN_POINT('',(242.,15.0000000000001,0.));
#5729=CARTESIAN_POINT('',(242.,85.,0.));
#5730=CARTESIAN_POINT('',(242.,15.0000000000001,0.));
#5731=CARTESIAN_POINT('',(242.,15.0000000000001,0.));
#5732=CARTESIAN_POINT('',(242.,85.,0.));
#5733=CARTESIAN_POINT('Origin',(280.,15.,0.));
#5734=CARTESIAN_POINT('',(280.,-23.,0.));
#5735=CARTESIAN_POINT('Origin',(280.,15.,0.));
#5736=CARTESIAN_POINT('',(280.,-23.,0.));
#5737=CARTESIAN_POINT('Origin',(280.,-23.,0.));
#5738=CARTESIAN_POINT('',(359.216105581442,-23.,0.));
#5739=CARTESIAN_POINT('',(310.,-23.,0.));
#5740=CARTESIAN_POINT('',(359.216105581442,-23.,0.));
#5741=CARTESIAN_POINT('Origin',(359.216105581442,-23.,0.));
#5742=CARTESIAN_POINT('',(397.039457098472,-44.2148211163316,0.));
#5743=CARTESIAN_POINT('',(397.039457098472,-44.2148211163316,0.));
#5744=CARTESIAN_POINT('',(397.039457098472,-44.2148211163316,0.));
#5745=CARTESIAN_POINT('Origin',(400.95302196699,-37.2374283353633,0.));
#5746=CARTESIAN_POINT('',(408.470562933277,-34.5012671887579,0.));
#5747=CARTESIAN_POINT('Origin',(400.95302196699,-37.2374283353633,0.));
#5748=CARTESIAN_POINT('',(408.470562933277,-34.5012671887579,0.));
#5749=CARTESIAN_POINT('Origin',(408.470562933277,-34.5012671887579,0.));
#5750=CARTESIAN_POINT('',(404.199716498388,-22.7672130469428,0.));
#5751=CARTESIAN_POINT('',(404.199716498388,-22.7672130469428,0.));
#5752=CARTESIAN_POINT('',(404.199716498388,-22.7672130469428,0.));
#5753=CARTESIAN_POINT('Origin',(400.,15.,0.));
#5754=CARTESIAN_POINT('',(438.,15.,0.));
#5755=CARTESIAN_POINT('Origin',(400.,15.,0.));
#5756=CARTESIAN_POINT('',(438.,15.,0.));
#5757=CARTESIAN_POINT('Origin',(438.,15.,0.));
#5758=CARTESIAN_POINT('',(438.,85.0000000000001,0.));
#5759=CARTESIAN_POINT('',(438.,85.0000000000001,0.));
#5760=CARTESIAN_POINT('',(438.,85.0000000000001,0.));
#5761=CARTESIAN_POINT('Origin',(400.,85.,0.));
#5762=CARTESIAN_POINT('',(400.,123.,0.));
#5763=CARTESIAN_POINT('Origin',(400.,85.,0.));
#5764=CARTESIAN_POINT('',(400.,123.,0.));
#5765=CARTESIAN_POINT('Origin',(400.,123.,0.));
#5766=CARTESIAN_POINT('',(280.,123.,0.));
#5767=CARTESIAN_POINT('',(280.,123.,0.));
#5768=CARTESIAN_POINT('',(280.,123.,0.));
#5769=CARTESIAN_POINT('Origin',(280.,85.,0.));
#5770=CARTESIAN_POINT('Origin',(280.,85.,0.));
#5771=CARTESIAN_POINT('Origin',(290.999993495643,-3.99999991059303,0.));
#5772=CARTESIAN_POINT('',(286.499993495643,-3.99999991059303,0.));
#5773=CARTESIAN_POINT('Origin',(290.999993495643,-3.99999991059303,0.));
#5774=CARTESIAN_POINT('',(286.499993495643,-3.99999991059303,0.));
#5775=CARTESIAN_POINT('Origin',(389.000005796552,-4.00000005960464,0.));
#5776=CARTESIAN_POINT('',(385.500005796552,-4.00000005960464,0.));
#5777=CARTESIAN_POINT('Origin',(389.000005796552,-4.00000005960464,0.));
#5778=CARTESIAN_POINT('',(385.500005796552,-4.00000005960465,0.));
#5779=CARTESIAN_POINT('Origin',(291.000004336238,56.000000834465,-15.));
#5780=CARTESIAN_POINT('',(287.500004336238,56.000000834465,0.));
#5781=CARTESIAN_POINT('Origin',(291.000004336238,56.000000834465,0.));
#5782=CARTESIAN_POINT('',(287.500004336238,56.000000834465,-15.));
#5783=CARTESIAN_POINT('Origin',(340.,38.8812858323183,0.));
#5784=CARTESIAN_POINT('Origin',(389.000005796552,56.000000834465,15.));
#5785=CARTESIAN_POINT('Origin',(357.500005327165,-148.499996680766,1.));
#5786=CARTESIAN_POINT('',(357.500005327165,-148.499996680766,1.));
#5787=CARTESIAN_POINT('',(350.000005215406,-148.5,1.));
#5788=CARTESIAN_POINT('',(288.75002589823,-148.500027107065,1.));
#5789=CARTESIAN_POINT('',(357.500005327165,-148.499996680766,0.5));
#5790=CARTESIAN_POINT('',(357.500005327165,-148.499996680766,1.));
#5791=CARTESIAN_POINT('',(350.000005215406,-148.5,0.5));
#5792=CARTESIAN_POINT('',(357.500005327165,-148.499996680766,0.5));
#5793=CARTESIAN_POINT('',(350.000005215406,-148.5,0.5));
#5794=CARTESIAN_POINT('Origin',(357.500005327165,-208.999995328486,1.));
#5795=CARTESIAN_POINT('',(357.500005327165,-208.999995328486,1.));
#5796=CARTESIAN_POINT('',(357.500005327165,-126.249997664243,1.));
#5797=CARTESIAN_POINT('',(357.500005327165,-208.999995328486,0.5));
#5798=CARTESIAN_POINT('',(357.500005327165,-208.999995328486,1.));
#5799=CARTESIAN_POINT('',(357.500005327165,-208.999995328486,0.5));
#5800=CARTESIAN_POINT('Origin',(322.499992791563,-208.999995328486,1.));
#5801=CARTESIAN_POINT('',(322.499992791563,-208.999995328486,1.));
#5802=CARTESIAN_POINT('',(271.249996395782,-208.999995328486,1.));
#5803=CARTESIAN_POINT('',(322.499992791563,-208.999995328486,0.5));
#5804=CARTESIAN_POINT('',(322.499992791563,-208.999995328486,1.));
#5805=CARTESIAN_POINT('',(357.000005319715,-208.999995328486,0.5));
#5806=CARTESIAN_POINT('Origin',(322.499992791563,-148.5,1.));
#5807=CARTESIAN_POINT('',(322.499992791563,-148.5,1.));
#5808=CARTESIAN_POINT('',(322.499992791563,-96.,1.));
#5809=CARTESIAN_POINT('',(322.499992791563,-148.5,0.5));
#5810=CARTESIAN_POINT('',(322.499992791563,-148.5,1.));
#5811=CARTESIAN_POINT('',(322.499992791563,-148.5,0.5));
#5812=CARTESIAN_POINT('Origin',(330.000004917383,-148.5,1.));
#5813=CARTESIAN_POINT('',(330.000004917383,-148.5,1.));
#5814=CARTESIAN_POINT('',(275.000002458692,-148.5,1.));
#5815=CARTESIAN_POINT('',(330.000004917383,-148.5,0.5));
#5816=CARTESIAN_POINT('',(330.000004917383,-148.5,0.5));
#5817=CARTESIAN_POINT('',(330.000004917383,-148.5,0.5));
#5818=CARTESIAN_POINT('Origin',(340.,-178.75,0.5));
#5819=CARTESIAN_POINT('',(330.000004917383,-147.5,0.5));
#5820=CARTESIAN_POINT('',(330.000004917383,-164.125,0.5));
#5821=CARTESIAN_POINT('',(321.5,-147.5,0.5));
#5822=CARTESIAN_POINT('',(335.000002458692,-147.5,0.5));
#5823=CARTESIAN_POINT('',(321.5,-210.,0.5));
#5824=CARTESIAN_POINT('',(321.5,-163.125,0.5));
#5825=CARTESIAN_POINT('',(358.5,-210.,0.5));
#5826=CARTESIAN_POINT('',(330.75,-210.,0.5));
#5827=CARTESIAN_POINT('',(358.5,-147.5,0.5));
#5828=CARTESIAN_POINT('',(358.5,-194.375,0.5));
#5829=CARTESIAN_POINT('',(350.000005215406,-147.5,0.5));
#5830=CARTESIAN_POINT('',(335.000002458692,-147.5,0.5));
#5831=CARTESIAN_POINT('',(350.000005215406,-163.125,0.5));
#5832=CARTESIAN_POINT('Origin',(330.000004917383,-147.5,0.));
#5833=CARTESIAN_POINT('',(358.5,-147.5,0.));
#5834=CARTESIAN_POINT('',(358.5,-147.5,0.));
#5835=CARTESIAN_POINT('',(350.000005215406,-147.5,0.));
#5836=CARTESIAN_POINT('',(321.5,-147.5,0.));
#5837=CARTESIAN_POINT('',(350.000005215406,-147.5,0.));
#5838=CARTESIAN_POINT('Origin',(358.5,-210.,0.));
#5839=CARTESIAN_POINT('',(358.5,-210.,0.));
#5840=CARTESIAN_POINT('',(358.5,-210.,0.));
#5841=CARTESIAN_POINT('',(358.5,-210.,0.));
#5842=CARTESIAN_POINT('Origin',(321.5,-210.,0.));
#5843=CARTESIAN_POINT('',(321.5,-210.,0.));
#5844=CARTESIAN_POINT('',(321.5,-210.,0.));
#5845=CARTESIAN_POINT('',(340.,-210.,0.));
#5846=CARTESIAN_POINT('Origin',(321.5,-147.5,0.));
#5847=CARTESIAN_POINT('',(321.5,-147.5,0.));
#5848=CARTESIAN_POINT('',(321.5,-147.5,0.));
#5849=CARTESIAN_POINT('',(321.5,-210.,0.));
#5850=CARTESIAN_POINT('Origin',(330.000004917383,-147.5,0.));
#5851=CARTESIAN_POINT('',(330.000004917383,-147.5,0.));
#5852=CARTESIAN_POINT('',(330.000004917383,-147.5,0.));
#5853=CARTESIAN_POINT('',(321.5,-147.5,0.));
#5854=CARTESIAN_POINT('Origin',(330.000004917383,-149.5,0.));
#5855=CARTESIAN_POINT('',(330.000004917383,-149.5,1.));
#5856=CARTESIAN_POINT('',(330.000004917383,-147.5,1.));
#5857=CARTESIAN_POINT('',(330.000004917383,-149.5,0.));
#5858=CARTESIAN_POINT('',(330.000004917383,-149.5,0.));
#5859=CARTESIAN_POINT('',(330.000004917383,-96.5,0.));
#5860=CARTESIAN_POINT('Origin',(350.000005215406,-149.5,0.));
#5861=CARTESIAN_POINT('',(350.000005215406,-149.5,1.));
#5862=CARTESIAN_POINT('',(330.000004917383,-149.5,1.));
#5863=CARTESIAN_POINT('',(350.000005215406,-149.5,0.));
#5864=CARTESIAN_POINT('',(350.000005215406,-149.5,0.));
#5865=CARTESIAN_POINT('',(285.000002607703,-149.5,0.));
#5866=CARTESIAN_POINT('Origin',(350.000005215406,-147.5,0.));
#5867=CARTESIAN_POINT('',(350.000005215406,-95.5,0.));
#5868=CARTESIAN_POINT('',(350.000005215406,-149.5,1.));
#5869=CARTESIAN_POINT('Origin',(220.,-43.5,1.));
#5870=CARTESIAN_POINT('Origin',(220.,-43.5,0.));
#5871=UNCERTAINTY_MEASURE_WITH_UNIT(LENGTH_MEASURE(0.01),#5875,
'DISTANCE_ACCURACY_VALUE',
'Maximum model space distance between geometric entities at asserted c
onnectivities');
#5872=UNCERTAINTY_MEASURE_WITH_UNIT(LENGTH_MEASURE(0.01),#5875,
'DISTANCE_ACCURACY_VALUE',
'Maximum model space distance between geometric entities at asserted c
onnectivities');
#5873=(
GEOMETRIC_REPRESENTATION_CONTEXT(3)
GLOBAL_UNCERTAINTY_ASSIGNED_CONTEXT((#5871))
GLOBAL_UNIT_ASSIGNED_CONTEXT((#5875,#5877,#5878))
REPRESENTATION_CONTEXT('','3D')
);
#5874=(
GEOMETRIC_REPRESENTATION_CONTEXT(3)
GLOBAL_UNCERTAINTY_ASSIGNED_CONTEXT((#5872))
GLOBAL_UNIT_ASSIGNED_CONTEXT((#5875,#5877,#5878))
REPRESENTATION_CONTEXT('','3D')
);
#5875=(
LENGTH_UNIT()
NAMED_UNIT(*)
SI_UNIT(.MILLI.,.METRE.)
);
#5876=(
LENGTH_UNIT()
NAMED_UNIT(*)
SI_UNIT($,.METRE.)
);
#5877=(
NAMED_UNIT(*)
PLANE_ANGLE_UNIT()
SI_UNIT($,.RADIAN.)
);
#5878=(
NAMED_UNIT(*)
SI_UNIT($,.STERADIAN.)
SOLID_ANGLE_UNIT()
);
#5879=SHAPE_DEFINITION_REPRESENTATION(#5880,#5881);
#5880=PRODUCT_DEFINITION_SHAPE('',$,#5883);
#5881=SHAPE_REPRESENTATION('',(#3519),#5873);
#5882=PRODUCT_DEFINITION_CONTEXT('part definition',#5887,'design');
#5883=PRODUCT_DEFINITION('2026-05-23-17-04-36-684',
'HWSW Team Final Enclosure',#5884,#5882);
#5884=PRODUCT_DEFINITION_FORMATION('',$,#5889);
#5885=PRODUCT_RELATED_PRODUCT_CATEGORY('HWSW Team Final Enclosure',
'HWSW Team Final Enclosure',(#5889));
#5886=APPLICATION_PROTOCOL_DEFINITION('international standard',
'automotive_design',2009,#5887);
#5887=APPLICATION_CONTEXT(
'Core Data for Automotive Mechanical Design Process');
#5888=PRODUCT_CONTEXT('part definition',#5887,'mechanical');
#5889=PRODUCT('2026-05-23-17-04-36-684','HWSW Team Final Enclosure',$,(#5888));
#5890=PRESENTATION_STYLE_ASSIGNMENT((#5891));
#5891=SURFACE_STYLE_USAGE(.BOTH.,#5892);
#5892=SURFACE_SIDE_STYLE('',(#5893));
#5893=SURFACE_STYLE_FILL_AREA(#5894);
#5894=FILL_AREA_STYLE('Steel - Satin',(#5895));
#5895=FILL_AREA_STYLE_COLOUR('Steel - Satin',#5896);
#5896=COLOUR_RGB('Steel - Satin',0.627450980392157,0.627450980392157,0.627450980392157);
ENDSEC;
END-ISO-10303-21;
